,,,-00.000864000000, 238.00000,
,,,-00.000862000000, 238.00000,
,,,-00.000860000000, 236.00000,
,,,-00.000858000000, 238.00000,
,,,-00.000856000000, 238.00000,
,,,-00.000854000000, 238.00000,
,,,-00.000852000000, 236.00000,
,,,-00.000850000000, 238.00000,
,,,-00.000848000000, 238.00000,
,,,-00.000846000000, 238.00000,
,,,-00.000844000000, 238.00000,
,,,-00.000842000000, 238.00000,
,,,-00.000840000000, 238.00000,
,,,-00.000838000000, 238.00000,
,,,-00.000836000000, 236.00000,
,,,-00.000834000000, 238.00000,
,,,-00.000832000000, 238.00000,
,,,-00.000830000000, 236.00000,
,,,-00.000828000000, 238.00000,
,,,-00.000826000000, 238.00000,
,,,-00.000824000000, 238.00000,
,,,-00.000822000000, 238.00000,
,,,-00.000820000000, 238.00000,
,,,-00.000818000000, 238.00000,
,,,-00.000816000000, 238.00000,
,,,-00.000814000000, 238.00000,
,,,-00.000812000000, 238.00000,
,,,-00.000810000000, 236.00000,
,,,-00.000808000000, 236.00000,
,,,-00.000806000000, 238.00000,
,,,-00.000804000000, 238.00000,
,,,-00.000802000000, 238.00000,
,,,-00.000800000000, 238.00000,
,,,-00.000798000000, 238.00000,
,,,-00.000796000000, 238.00000,
,,,-00.000794000000, 238.00000,
,,,-00.000792000000, 238.00000,
,,,-00.000790000000, 238.00000,
,,,-00.000788000000, 238.00000,
,,,-00.000786000000, 238.00000,
,,,-00.000784000000, 238.00000,
,,,-00.000782000000, 238.00000,
,,,-00.000780000000, 238.00000,
,,,-00.000778000000, 236.00000,
,,,-00.000776000000, 238.00000,
,,,-00.000774000000, 236.00000,
,,,-00.000772000000, 238.00000,
,,,-00.000770000000, 236.00000,
,,,-00.000768000000, 236.00000,
,,,-00.000766000000, 236.00000,
,,,-00.000764000000, 238.00000,
,,,-00.000762000000, 238.00000,
,,,-00.000760000000, 238.00000,
,,,-00.000758000000, 238.00000,
,,,-00.000756000000, 238.00000,
,,,-00.000754000000, 238.00000,
,,,-00.000752000000, 238.00000,
,,,-00.000750000000, 236.00000,
,,,-00.000748000000, 238.00000,
,,,-00.000746000000, 238.00000,
,,,-00.000744000000, 238.00000,
,,,-00.000742000000, 238.00000,
,,,-00.000740000000, 238.00000,
,,,-00.000738000000, 238.00000,
,,,-00.000736000000, 238.00000,
,,,-00.000734000000, 238.00000,
,,,-00.000732000000, 238.00000,
,,,-00.000730000000, 238.00000,
,,,-00.000728000000, 238.00000,
,,,-00.000726000000, 238.00000,
,,,-00.000724000000, 238.00000,
,,,-00.000722000000, 238.00000,
,,,-00.000720000000, 238.00000,
,,,-00.000718000000, 238.00000,
,,,-00.000716000000, 238.00000,
,,,-00.000714000000, 238.00000,
,,,-00.000712000000, 238.00000,
,,,-00.000710000000, 238.00000,
,,,-00.000708000000, 238.00000,
,,,-00.000706000000, 238.00000,
,,,-00.000704000000, 238.00000,
,,,-00.000702000000, 238.00000,
,,,-00.000700000000, 238.00000,
,,,-00.000698000000, 238.00000,
,,,-00.000696000000, 236.00000,
,,,-00.000694000000, 238.00000,
,,,-00.000692000000, 236.00000,
,,,-00.000690000000, 238.00000,
,,,-00.000688000000, 238.00000,
,,,-00.000686000000, 238.00000,
,,,-00.000684000000, 238.00000,
,,,-00.000682000000, 238.00000,
,,,-00.000680000000, 238.00000,
,,,-00.000678000000, 236.00000,
,,,-00.000676000000, 238.00000,
,,,-00.000674000000, 238.00000,
,,,-00.000672000000, 238.00000,
,,,-00.000670000000, 238.00000,
,,,-00.000668000000, 238.00000,
,,,-00.000666000000, 238.00000,
,,,-00.000664000000, 238.00000,
,,,-00.000662000000, 238.00000,
,,,-00.000660000000, 238.00000,
,,,-00.000658000000, 238.00000,
,,,-00.000656000000, 238.00000,
,,,-00.000654000000, 238.00000,
,,,-00.000652000000, 238.00000,
,,,-00.000650000000, 238.00000,
,,,-00.000648000000, 238.00000,
,,,-00.000646000000, 238.00000,
,,,-00.000644000000, 238.00000,
,,,-00.000642000000, 236.00000,
,,,-00.000640000000, 238.00000,
,,,-00.000638000000, 238.00000,
,,,-00.000636000000, 238.00000,
,,,-00.000634000000, 238.00000,
,,,-00.000632000000, 238.00000,
,,,-00.000630000000, 238.00000,
,,,-00.000628000000, 238.00000,
,,,-00.000626000000, 238.00000,
,,,-00.000624000000, 238.00000,
,,,-00.000622000000, 236.00000,
,,,-00.000620000000, 238.00000,
,,,-00.000618000000, 236.00000,
,,,-00.000616000000, 236.00000,
,,,-00.000614000000, 238.00000,
,,,-00.000612000000, 238.00000,
,,,-00.000610000000, 238.00000,
,,,-00.000608000000, 238.00000,
,,,-00.000606000000, 238.00000,
,,,-00.000604000000, 238.00000,
,,,-00.000602000000, 238.00000,
,,,-00.000600000000, 238.00000,
,,,-00.000598000000, 238.00000,
,,,-00.000596000000, 238.00000,
,,,-00.000594000000, 238.00000,
,,,-00.000592000000, 238.00000,
,,,-00.000590000000, 238.00000,
,,,-00.000588000000, 238.00000,
,,,-00.000586000000, 238.00000,
,,,-00.000584000000, 238.00000,
,,,-00.000582000000, 236.00000,
,,,-00.000580000000, 238.00000,
,,,-00.000578000000, 238.00000,
,,,-00.000576000000, 238.00000,
,,,-00.000574000000, 238.00000,
,,,-00.000572000000, 238.00000,
,,,-00.000570000000, 238.00000,
,,,-00.000568000000, 238.00000,
,,,-00.000566000000, 238.00000,
,,,-00.000564000000, 238.00000,
,,,-00.000562000000, 238.00000,
,,,-00.000560000000, 238.00000,
,,,-00.000558000000, 238.00000,
,,,-00.000556000000, 238.00000,
,,,-00.000554000000, 236.00000,
,,,-00.000552000000, 238.00000,
,,,-00.000550000000, 238.00000,
,,,-00.000548000000, 238.00000,
,,,-00.000546000000, 238.00000,
,,,-00.000544000000, 238.00000,
,,,-00.000542000000, 238.00000,
,,,-00.000540000000, 238.00000,
,,,-00.000538000000, 238.00000,
,,,-00.000536000000, 238.00000,
,,,-00.000534000000, 238.00000,
,,,-00.000532000000, 238.00000,
,,,-00.000530000000, 238.00000,
,,,-00.000528000000, 238.00000,
,,,-00.000526000000, 238.00000,
,,,-00.000524000000, 238.00000,
,,,-00.000522000000, 238.00000,
,,,-00.000520000000, 238.00000,
,,,-00.000518000000, 238.00000,
,,,-00.000516000000, 238.00000,
,,,-00.000514000000, 238.00000,
,,,-00.000512000000, 238.00000,
,,,-00.000510000000, 238.00000,
,,,-00.000508000000, 238.00000,
,,,-00.000506000000, 236.00000,
,,,-00.000504000000, 238.00000,
,,,-00.000502000000, 238.00000,
,,,-00.000500000000, 238.00000,
,,,-00.000498000000, 238.00000,
,,,-00.000496000000, 238.00000,
,,,-00.000494000000, 238.00000,
,,,-00.000492000000, 238.00000,
,,,-00.000490000000, 238.00000,
,,,-00.000488000000, 238.00000,
,,,-00.000486000000, 238.00000,
,,,-00.000484000000, 238.00000,
,,,-00.000482000000, 238.00000,
,,,-00.000480000000, 238.00000,
,,,-00.000478000000, 238.00000,
,,,-00.000476000000, 238.00000,
,,,-00.000474000000, 236.00000,
,,,-00.000472000000, 238.00000,
,,,-00.000470000000, 238.00000,
,,,-00.000468000000, 238.00000,
,,,-00.000466000000, 238.00000,
,,,-00.000464000000, 238.00000,
,,,-00.000462000000, 238.00000,
,,,-00.000460000000, 238.00000,
,,,-00.000458000000, 238.00000,
,,,-00.000456000000, 236.00000,
,,,-00.000454000000, 236.00000,
,,,-00.000452000000, 238.00000,
,,,-00.000450000000, 238.00000,
,,,-00.000448000000, 238.00000,
,,,-00.000446000000, 238.00000,
,,,-00.000444000000, 238.00000,
,,,-00.000442000000, 238.00000,
,,,-00.000440000000, 238.00000,
,,,-00.000438000000, 238.00000,
,,,-00.000436000000, 238.00000,
,,,-00.000434000000, 236.00000,
,,,-00.000432000000, 238.00000,
,,,-00.000430000000, 236.00000,
,,,-00.000428000000, 238.00000,
,,,-00.000426000000, 238.00000,
,,,-00.000424000000, 238.00000,
,,,-00.000422000000, 238.00000,
,,,-00.000420000000, 238.00000,
,,,-00.000418000000, 238.00000,
,,,-00.000416000000, 238.00000,
,,,-00.000414000000, 238.00000,
,,,-00.000412000000, 238.00000,
,,,-00.000410000000, 238.00000,
,,,-00.000408000000, 236.00000,
,,,-00.000406000000, 238.00000,
,,,-00.000404000000, 238.00000,
,,,-00.000402000000, 238.00000,
,,,-00.000400000000, 238.00000,
,,,-00.000398000000, 238.00000,
,,,-00.000396000000, 238.00000,
,,,-00.000394000000, 238.00000,
,,,-00.000392000000, 238.00000,
,,,-00.000390000000, 238.00000,
,,,-00.000388000000, 238.00000,
,,,-00.000386000000, 236.00000,
,,,-00.000384000000, 238.00000,
,,,-00.000382000000, 238.00000,
,,,-00.000380000000, 238.00000,
,,,-00.000378000000, 236.00000,
,,,-00.000376000000, 238.00000,
,,,-00.000374000000, 238.00000,
,,,-00.000372000000, 238.00000,
,,,-00.000370000000, 236.00000,
,,,-00.000368000000, 238.00000,
,,,-00.000366000000, 238.00000,
,,,-00.000364000000, 238.00000,
,,,-00.000362000000, 238.00000,
,,,-00.000360000000, 238.00000,
,,,-00.000358000000, 238.00000,
,,,-00.000356000000, 236.00000,
,,,-00.000354000000, 236.00000,
,,,-00.000352000000, 238.00000,
,,,-00.000350000000, 238.00000,
,,,-00.000348000000, 238.00000,
,,,-00.000346000000, 238.00000,
,,,-00.000344000000, 238.00000,
,,,-00.000342000000, 236.00000,
,,,-00.000340000000, 238.00000,
,,,-00.000338000000, 238.00000,
,,,-00.000336000000, 238.00000,
,,,-00.000334000000, 238.00000,
,,,-00.000332000000, 236.00000,
,,,-00.000330000000, 238.00000,
,,,-00.000328000000, 238.00000,
,,,-00.000326000000, 238.00000,
,,,-00.000324000000, 238.00000,
,,,-00.000322000000, 238.00000,
,,,-00.000320000000, 238.00000,
,,,-00.000318000000, 236.00000,
,,,-00.000316000000, 238.00000,
,,,-00.000314000000, 238.00000,
,,,-00.000312000000, 236.00000,
,,,-00.000310000000, 238.00000,
,,,-00.000308000000, 238.00000,
,,,-00.000306000000, 238.00000,
,,,-00.000304000000, 236.00000,
,,,-00.000302000000, 236.00000,
,,,-00.000300000000, 236.00000,
,,,-00.000298000000, 236.00000,
,,,-00.000296000000, 234.00000,
,,,-00.000294000000, 234.00000,
,,,-00.000292000000, 234.00000,
,,,-00.000290000000, 234.00000,
,,,-00.000288000000, 234.00000,
,,,-00.000286000000, 234.00000,
,,,-00.000284000000, 234.00000,
,,,-00.000282000000, 234.00000,
,,,-00.000280000000, 234.00000,
,,,-00.000278000000, 234.00000,
,,,-00.000276000000, 234.00000,
,,,-00.000274000000, 234.00000,
,,,-00.000272000000, 232.00000,
,,,-00.000270000000, 232.00000,
,,,-00.000268000000, 232.00000,
,,,-00.000266000000, 232.00000,
,,,-00.000264000000, 232.00000,
,,,-00.000262000000, 232.00000,
,,,-00.000260000000, 232.00000,
,,,-00.000258000000, 232.00000,
,,,-00.000256000000, 232.00000,
,,,-00.000254000000, 232.00000,
,,,-00.000252000000, 232.00000,
,,,-00.000250000000, 232.00000,
,,,-00.000248000000, 232.00000,
,,,-00.000246000000, 232.00000,
,,,-00.000244000000, 230.00000,
,,,-00.000242000000, 230.00000,
,,,-00.000240000000, 232.00000,
,,,-00.000238000000, 230.00000,
,,,-00.000236000000, 230.00000,
,,,-00.000234000000, 230.00000,
,,,-00.000232000000, 230.00000,
,,,-00.000230000000, 228.00000,
,,,-00.000228000000, 230.00000,
,,,-00.000226000000, 230.00000,
,,,-00.000224000000, 228.00000,
,,,-00.000222000000, 228.00000,
,,,-00.000220000000, 230.00000,
,,,-00.000218000000, 228.00000,
,,,-00.000216000000, 228.00000,
,,,-00.000214000000, 228.00000,
,,,-00.000212000000, 228.00000,
,,,-00.000210000000, 228.00000,
,,,-00.000208000000, 228.00000,
,,,-00.000206000000, 228.00000,
,,,-00.000204000000, 228.00000,
,,,-00.000202000000, 228.00000,
,,,-00.000200000000, 228.00000,
,,,-00.000198000000, 226.00000,
,,,-00.000196000000, 226.00000,
,,,-00.000194000000, 228.00000,
,,,-00.000192000000, 226.00000,
,,,-00.000190000000, 226.00000,
,,,-00.000188000000, 226.00000,
,,,-00.000186000000, 226.00000,
,,,-00.000184000000, 226.00000,
,,,-00.000182000000, 226.00000,
,,,-00.000180000000, 226.00000,
,,,-00.000178000000, 226.00000,
,,,-00.000176000000, 226.00000,
,,,-00.000174000000, 226.00000,
,,,-00.000172000000, 226.00000,
,,,-00.000170000000, 226.00000,
,,,-00.000168000000, 224.00000,
,,,-00.000166000000, 224.00000,
,,,-00.000164000000, 224.00000,
,,,-00.000162000000, 224.00000,
,,,-00.000160000000, 224.00000,
,,,-00.000158000000, 224.00000,
,,,-00.000156000000, 224.00000,
,,,-00.000154000000, 224.00000,
,,,-00.000152000000, 224.00000,
,,,-00.000150000000, 224.00000,
,,,-00.000148000000, 224.00000,
,,,-00.000146000000, 222.00000,
,,,-00.000144000000, 224.00000,
,,,-00.000142000000, 222.00000,
,,,-00.000140000000, 222.00000,
,,,-00.000138000000, 222.00000,
,,,-00.000136000000, 222.00000,
,,,-00.000134000000, 222.00000,
,,,-00.000132000000, 222.00000,
,,,-00.000130000000, 222.00000,
,,,-00.000128000000, 222.00000,
,,,-00.000126000000, 220.00000,
,,,-00.000124000000, 220.00000,
,,,-00.000122000000, 220.00000,
,,,-00.000120000000, 220.00000,
,,,-00.000118000000, 220.00000,
,,,-00.000116000000, 220.00000,
,,,-00.000114000000, 220.00000,
,,,-00.000112000000, 220.00000,
,,,-00.000110000000, 220.00000,
,,,-00.000108000000, 220.00000,
,,,-00.000106000000, 218.00000,
,,,-00.000104000000, 218.00000,
,,,-00.000102000000, 218.00000,
,,,-00.000100000000, 218.00000,
,,,-00.000098000000, 218.00000,
,,,-00.000096000000, 218.00000,
,,,-00.000094000000, 218.00000,
,,,-00.000092000000, 218.00000,
,,,-00.000090000000, 218.00000,
,,,-00.000088000000, 216.00000,
,,,-00.000086000000, 216.00000,
,,,-00.000084000000, 216.00000,
,,,-00.000082000000, 216.00000,
,,,-00.000080000000, 216.00000,
,,,-00.000078000000, 216.00000,
,,,-00.000076000000, 216.00000,
,,,-00.000074000000, 216.00000,
,,,-00.000072000000, 214.00000,
,,,-00.000070000000, 214.00000,
,,,-00.000068000000, 214.00000,
,,,-00.000066000000, 214.00000,
,,,-00.000064000000, 214.00000,
,,,-00.000062000000, 214.00000,
,,,-00.000060000000, 214.00000,
,,,-00.000058000000, 212.00000,
,,,-00.000056000000, 214.00000,
,,,-00.000054000000, 214.00000,
,,,-00.000052000000, 212.00000,
,,,-00.000050000000, 212.00000,
,,,-00.000048000000, 212.00000,
,,,-00.000046000000, 212.00000,
,,,-00.000044000000, 212.00000,
,,,-00.000042000000, 212.00000,
,,,-00.000040000000, 212.00000,
,,,-00.000038000000, 212.00000,
,,,-00.000036000000, 210.00000,
,,,-00.000034000000, 210.00000,
,,,-00.000032000000, 210.00000,
,,,-00.000030000000, 210.00000,
,,,-00.000028000000, 210.00000,
,,,-00.000026000000, 210.00000,
,,,-00.000024000000, 210.00000,
,,,-00.000022000000, 210.00000,
,,,-00.000020000000, 210.00000,
,,,-00.000018000000, 208.00000,
,,,-00.000016000000, 208.00000,
,,,-00.000014000000, 208.00000,
,,,-00.000012000000, 208.00000,
,,,-00.000010000000, 208.00000,
,,,-00.000008000000, 208.00000,
,,,-00.000006000000, 206.00000,
,,,-00.000004000000, 206.00000,
,,,-00.000002000000, 206.00000,
,,,-00.000000000000, 206.00000,
,,,00.000002000000, 206.00000,
,,,00.000004000000, 206.00000,
,,,00.000006000000, 206.00000,
,,,00.000008000000, 206.00000,
,,,00.000010000000, 206.00000,
,,,00.000012000000, 206.00000,
,,,00.000014000000, 204.00000,
,,,00.000016000000, 206.00000,
,,,00.000018000000, 204.00000,
,,,00.000020000000, 204.00000,
,,,00.000022000000, 204.00000,
,,,00.000024000000, 204.00000,
,,,00.000026000000, 204.00000,
,,,00.000028000000, 202.00000,
,,,00.000030000000, 202.00000,
,,,00.000032000000, 202.00000,
,,,00.000034000000, 202.00000,
,,,00.000036000000, 202.00000,
,,,00.000038000000, 202.00000,
,,,00.000040000000, 202.00000,
,,,00.000042000000, 202.00000,
,,,00.000044000000, 200.00000,
,,,00.000046000000, 200.00000,
,,,00.000048000000, 202.00000,
,,,00.000050000000, 200.00000,
,,,00.000052000000, 200.00000,
,,,00.000054000000, 200.00000,
,,,00.000056000000, 198.00000,
,,,00.000058000000, 198.00000,
,,,00.000060000000, 198.00000,
,,,00.000062000000, 198.00000,
,,,00.000064000000, 198.00000,
,,,00.000066000000, 198.00000,
,,,00.000068000000, 198.00000,
,,,00.000070000000, 198.00000,
,,,00.000072000000, 198.00000,
,,,00.000074000000, 196.00000,
,,,00.000076000000, 196.00000,
,,,00.000078000000, 196.00000,
,,,00.000080000000, 196.00000,
,,,00.000082000000, 196.00000,
,,,00.000084000000, 196.00000,
,,,00.000086000000, 196.00000,
,,,00.000088000000, 196.00000,
,,,00.000090000000, 194.00000,
,,,00.000092000000, 194.00000,
,,,00.000094000000, 194.00000,
,,,00.000096000000, 194.00000,
,,,00.000098000000, 194.00000,
,,,00.000100000000, 194.00000,
,,,00.000102000000, 194.00000,
,,,00.000104000000, 192.00000,
,,,00.000106000000, 192.00000,
,,,00.000108000000, 192.00000,
,,,00.000110000000, 192.00000,
,,,00.000112000000, 192.00000,
,,,00.000114000000, 192.00000,
,,,00.000116000000, 192.00000,
,,,00.000118000000, 192.00000,
,,,00.000120000000, 190.00000,
,,,00.000122000000, 190.00000,
,,,00.000124000000, 190.00000,
,,,00.000126000000, 190.00000,
,,,00.000128000000, 190.00000,
,,,00.000130000000, 190.00000,
,,,00.000132000000, 190.00000,
,,,00.000134000000, 190.00000,
,,,00.000136000000, 188.00000,
,,,00.000138000000, 188.00000,
,,,00.000140000000, 188.00000,
,,,00.000142000000, 188.00000,
,,,00.000144000000, 188.00000,
,,,00.000146000000, 188.00000,
,,,00.000148000000, 188.00000,
,,,00.000150000000, 188.00000,
,,,00.000152000000, 188.00000,
,,,00.000154000000, 188.00000,
,,,00.000156000000, 186.00000,
,,,00.000158000000, 186.00000,
,,,00.000160000000, 186.00000,
,,,00.000162000000, 186.00000,
,,,00.000164000000, 186.00000,
,,,00.000166000000, 184.00000,
,,,00.000168000000, 184.00000,
,,,00.000170000000, 184.00000,
,,,00.000172000000, 184.00000,
,,,00.000174000000, 184.00000,
,,,00.000176000000, 184.00000,
,,,00.000178000000, 182.00000,
,,,00.000180000000, 182.00000,
,,,00.000182000000, 182.00000,
,,,00.000184000000, 182.00000,
,,,00.000186000000, 182.00000,
,,,00.000188000000, 182.00000,
,,,00.000190000000, 182.00000,
,,,00.000192000000, 180.00000,
,,,00.000194000000, 180.00000,
,,,00.000196000000, 180.00000,
,,,00.000198000000, 180.00000,
,,,00.000200000000, 180.00000,
,,,00.000202000000, 178.00000,
,,,00.000204000000, 180.00000,
,,,00.000206000000, 178.00000,
,,,00.000208000000, 178.00000,
,,,00.000210000000, 178.00000,
,,,00.000212000000, 178.00000,
,,,00.000214000000, 178.00000,
,,,00.000216000000, 176.00000,
,,,00.000218000000, 176.00000,
,,,00.000220000000, 176.00000,
,,,00.000222000000, 176.00000,
,,,00.000224000000, 176.00000,
,,,00.000226000000, 176.00000,
,,,00.000228000000, 174.00000,
,,,00.000230000000, 174.00000,
,,,00.000232000000, 174.00000,
,,,00.000234000000, 174.00000,
,,,00.000236000000, 174.00000,
,,,00.000238000000, 174.00000,
,,,00.000240000000, 174.00000,
,,,00.000242000000, 174.00000,
,,,00.000244000000, 174.00000,
,,,00.000246000000, 174.00000,
,,,00.000248000000, 172.00000,
,,,00.000250000000, 172.00000,
,,,00.000252000000, 172.00000,
,,,00.000254000000, 172.00000,
,,,00.000256000000, 172.00000,
,,,00.000258000000, 172.00000,
,,,00.000260000000, 172.00000,
,,,00.000262000000, 170.00000,
,,,00.000264000000, 170.00000,
,,,00.000266000000, 170.00000,
,,,00.000268000000, 170.00000,
,,,00.000270000000, 170.00000,
,,,00.000272000000, 170.00000,
,,,00.000274000000, 168.00000,
,,,00.000276000000, 168.00000,
,,,00.000278000000, 168.00000,
,,,00.000280000000, 168.00000,
,,,00.000282000000, 168.00000,
,,,00.000284000000, 168.00000,
,,,00.000286000000, 168.00000,
,,,00.000288000000, 166.00000,
,,,00.000290000000, 166.00000,
,,,00.000292000000, 166.00000,
,,,00.000294000000, 166.00000,
,,,00.000296000000, 164.00000,
,,,00.000298000000, 164.00000,
,,,00.000300000000, 164.00000,
,,,00.000302000000, 164.00000,
,,,00.000304000000, 164.00000,
,,,00.000306000000, 164.00000,
,,,00.000308000000, 164.00000,
,,,00.000310000000, 164.00000,
,,,00.000312000000, 164.00000,
,,,00.000314000000, 162.00000,
,,,00.000316000000, 162.00000,
,,,00.000318000000, 162.00000,
,,,00.000320000000, 162.00000,
,,,00.000322000000, 160.00000,
,,,00.000324000000, 160.00000,
,,,00.000326000000, 160.00000,
,,,00.000328000000, 160.00000,
,,,00.000330000000, 160.00000,
,,,00.000332000000, 160.00000,
,,,00.000334000000, 160.00000,
,,,00.000336000000, 158.00000,
,,,00.000338000000, 158.00000,
,,,00.000340000000, 160.00000,
,,,00.000342000000, 158.00000,
,,,00.000344000000, 158.00000,
,,,00.000346000000, 156.00000,
,,,00.000348000000, 156.00000,
,,,00.000350000000, 156.00000,
,,,00.000352000000, 156.00000,
,,,00.000354000000, 156.00000,
,,,00.000356000000, 156.00000,
,,,00.000358000000, 156.00000,
,,,00.000360000000, 156.00000,
,,,00.000362000000, 156.00000,
,,,00.000364000000, 156.00000,
,,,00.000366000000, 154.00000,
,,,00.000368000000, 156.00000,
,,,00.000370000000, 154.00000,
,,,00.000372000000, 154.00000,
,,,00.000374000000, 154.00000,
,,,00.000376000000, 154.00000,
,,,00.000378000000, 152.00000,
,,,00.000380000000, 152.00000,
,,,00.000382000000, 152.00000,
,,,00.000384000000, 152.00000,
,,,00.000386000000, 152.00000,
,,,00.000388000000, 152.00000,
,,,00.000390000000, 152.00000,
,,,00.000392000000, 152.00000,
,,,00.000394000000, 150.00000,
,,,00.000396000000, 150.00000,
,,,00.000398000000, 150.00000,
,,,00.000400000000, 148.00000,
,,,00.000402000000, 150.00000,
,,,00.000404000000, 150.00000,
,,,00.000406000000, 148.00000,
,,,00.000408000000, 148.00000,
,,,00.000410000000, 148.00000,
,,,00.000412000000, 148.00000,
,,,00.000414000000, 146.00000,
,,,00.000416000000, 148.00000,
,,,00.000418000000, 146.00000,
,,,00.000420000000, 146.00000,
,,,00.000422000000, 146.00000,
,,,00.000424000000, 146.00000,
,,,00.000426000000, 146.00000,
,,,00.000428000000, 144.00000,
,,,00.000430000000, 146.00000,
,,,00.000432000000, 146.00000,
,,,00.000434000000, 144.00000,
,,,00.000436000000, 144.00000,
,,,00.000438000000, 142.00000,
,,,00.000440000000, 142.00000,
,,,00.000442000000, 142.00000,
,,,00.000444000000, 142.00000,
,,,00.000446000000, 142.00000,
,,,00.000448000000, 142.00000,
,,,00.000450000000, 142.00000,
,,,00.000452000000, 142.00000,
,,,00.000454000000, 142.00000,
,,,00.000456000000, 142.00000,
,,,00.000458000000, 140.00000,
,,,00.000460000000, 140.00000,
,,,00.000462000000, 138.00000,
,,,00.000464000000, 138.00000,
,,,00.000466000000, 140.00000,
,,,00.000468000000, 138.00000,
,,,00.000470000000, 138.00000,
,,,00.000472000000, 138.00000,
,,,00.000474000000, 138.00000,
,,,00.000476000000, 138.00000,
,,,00.000478000000, 136.00000,
,,,00.000480000000, 136.00000,
,,,00.000482000000, 136.00000,
,,,00.000484000000, 136.00000,
,,,00.000486000000, 136.00000,
,,,00.000488000000, 136.00000,
,,,00.000490000000, 134.00000,
,,,00.000492000000, 134.00000,
,,,00.000494000000, 134.00000,
,,,00.000496000000, 134.00000,
,,,00.000498000000, 134.00000,
,,,00.000500000000, 134.00000,
,,,00.000502000000, 134.00000,
,,,00.000504000000, 132.00000,
,,,00.000506000000, 132.00000,
,,,00.000508000000, 132.00000,
,,,00.000510000000, 132.00000,
,,,00.000512000000, 132.00000,
,,,00.000514000000, 130.00000,
,,,00.000516000000, 132.00000,
,,,00.000518000000, 130.00000,
,,,00.000520000000, 130.00000,
,,,00.000522000000, 130.00000,
,,,00.000524000000, 128.00000,
,,,00.000526000000, 130.00000,
,,,00.000528000000, 130.00000,
,,,00.000530000000, 128.00000,
,,,00.000532000000, 128.00000,
,,,00.000534000000, 128.00000,
,,,00.000536000000, 128.00000,
,,,00.000538000000, 128.00000,
,,,00.000540000000, 126.00000,
,,,00.000542000000, 126.00000,
,,,00.000544000000, 126.00000,
,,,00.000546000000, 126.00000,
,,,00.000548000000, 126.00000,
,,,00.000550000000, 126.00000,
,,,00.000552000000, 126.00000,
,,,00.000554000000, 124.00000,
,,,00.000556000000, 124.00000,
,,,00.000558000000, 124.00000,
,,,00.000560000000, 124.00000,
,,,00.000562000000, 124.00000,
,,,00.000564000000, 124.00000,
,,,00.000566000000, 124.00000,
,,,00.000568000000, 124.00000,
,,,00.000570000000, 124.00000,
,,,00.000572000000, 124.00000,
,,,00.000574000000, 124.00000,
,,,00.000576000000, 122.00000,
,,,00.000578000000, 122.00000,
,,,00.000580000000, 122.00000,
,,,00.000582000000, 122.00000,
,,,00.000584000000, 120.00000,
,,,00.000586000000, 120.00000,
,,,00.000588000000, 120.00000,
,,,00.000590000000, 120.00000,
,,,00.000592000000, 120.00000,
,,,00.000594000000, 120.00000,
,,,00.000596000000, 120.00000,
,,,00.000598000000, 118.00000,
,,,00.000600000000, 118.00000,
,,,00.000602000000, 120.00000,
,,,00.000604000000, 118.00000,
,,,00.000606000000, 118.00000,
,,,00.000608000000, 118.00000,
,,,00.000610000000, 118.00000,
,,,00.000612000000, 116.00000,
,,,00.000614000000, 116.00000,
,,,00.000616000000, 116.00000,
,,,00.000618000000, 116.00000,
,,,00.000620000000, 116.00000,
,,,00.000622000000, 114.00000,
,,,00.000624000000, 114.00000,
,,,00.000626000000, 114.00000,
,,,00.000628000000, 114.00000,
,,,00.000630000000, 114.00000,
,,,00.000632000000, 114.00000,
,,,00.000634000000, 114.00000,
,,,00.000636000000, 112.00000,
,,,00.000638000000, 112.00000,
,,,00.000640000000, 112.00000,
,,,00.000642000000, 112.00000,
,,,00.000644000000, 112.00000,
,,,00.000646000000, 112.00000,
,,,00.000648000000, 110.00000,
,,,00.000650000000, 110.00000,
,,,00.000652000000, 110.00000,
,,,00.000654000000, 110.00000,
,,,00.000656000000, 110.00000,
,,,00.000658000000, 110.00000,
,,,00.000660000000, 110.00000,
,,,00.000662000000, 110.00000,
,,,00.000664000000, 108.00000,
,,,00.000666000000, 108.00000,
,,,00.000668000000, 108.00000,
,,,00.000670000000, 108.00000,
,,,00.000672000000, 108.00000,
,,,00.000674000000, 106.00000,
,,,00.000676000000, 108.00000,
,,,00.000678000000, 106.00000,
,,,00.000680000000, 106.00000,
,,,00.000682000000, 106.00000,
,,,00.000684000000, 106.00000,
,,,00.000686000000, 106.00000,
,,,00.000688000000, 106.00000,
,,,00.000690000000, 106.00000,
,,,00.000692000000, 104.00000,
,,,00.000694000000, 104.00000,
,,,00.000696000000, 104.00000,
,,,00.000698000000, 104.00000,
,,,00.000700000000, 104.00000,
,,,00.000702000000, 104.00000,
,,,00.000704000000, 104.00000,
,,,00.000706000000, 102.00000,
,,,00.000708000000, 102.00000,
,,,00.000710000000, 102.00000,
,,,00.000712000000, 102.00000,
,,,00.000714000000, 102.00000,
,,,00.000716000000, 102.00000,
,,,00.000718000000, 102.00000,
,,,00.000720000000, 102.00000,
,,,00.000722000000, 102.00000,
,,,00.000724000000, 100.00000,
,,,00.000726000000, 100.00000,
,,,00.000728000000, 100.00000,
,,,00.000730000000, 100.00000,
,,,00.000732000000, 100.00000,
,,,00.000734000000,  98.00000,
,,,00.000736000000,  98.00000,
,,,00.000738000000,  98.00000,
,,,00.000740000000,  98.00000,
,,,00.000742000000,  98.00000,
,,,00.000744000000,  96.00000,
,,,00.000746000000,  96.00000,
,,,00.000748000000,  96.00000,
,,,00.000750000000,  96.00000,
,,,00.000752000000,  96.00000,
,,,00.000754000000,  96.00000,
,,,00.000756000000,  96.00000,
,,,00.000758000000,  94.00000,
,,,00.000760000000,  94.00000,
,,,00.000762000000,  94.00000,
,,,00.000764000000,  94.00000,
,,,00.000766000000,  94.00000,
,,,00.000768000000,  94.00000,
,,,00.000770000000,  94.00000,
,,,00.000772000000,  94.00000,
,,,00.000774000000,  92.00000,
,,,00.000776000000,  92.00000,
,,,00.000778000000,  92.00000,
,,,00.000780000000,  92.00000,
,,,00.000782000000,  92.00000,
,,,00.000784000000,  92.00000,
,,,00.000786000000,  92.00000,
,,,00.000788000000,  92.00000,
,,,00.000790000000,  90.00000,
,,,00.000792000000,  90.00000,
,,,00.000794000000,  90.00000,
,,,00.000796000000,  90.00000,
,,,00.000798000000,  90.00000,
,,,00.000800000000,  90.00000,
,,,00.000802000000,  90.00000,
,,,00.000804000000,  90.00000,
,,,00.000806000000,  88.00000,
,,,00.000808000000,  88.00000,
,,,00.000810000000,  88.00000,
,,,00.000812000000,  88.00000,
,,,00.000814000000,  88.00000,
,,,00.000816000000,  88.00000,
,,,00.000818000000,  88.00000,
,,,00.000820000000,  88.00000,
,,,00.000822000000,  88.00000,
,,,00.000824000000,  86.00000,
,,,00.000826000000,  86.00000,
,,,00.000828000000,  86.00000,
,,,00.000830000000,  86.00000,
,,,00.000832000000,  86.00000,
,,,00.000834000000,  84.00000,
,,,00.000836000000,  84.00000,
,,,00.000838000000,  84.00000,
,,,00.000840000000,  84.00000,
,,,00.000842000000,  84.00000,
,,,00.000844000000,  84.00000,
,,,00.000846000000,  84.00000,
,,,00.000848000000,  84.00000,
,,,00.000850000000,  84.00000,
,,,00.000852000000,  82.00000,
,,,00.000854000000,  82.00000,
,,,00.000856000000,  82.00000,
,,,00.000858000000,  82.00000,
,,,00.000860000000,  82.00000,
,,,00.000862000000,  82.00000,
,,,00.000864000000,  82.00000,
,,,00.000866000000,  82.00000,
,,,00.000868000000,  80.00000,
,,,00.000870000000,  80.00000,
,,,00.000872000000,  80.00000,
,,,00.000874000000,  80.00000,
,,,00.000876000000,  80.00000,
,,,00.000878000000,  78.00000,
,,,00.000880000000,  78.00000,
,,,00.000882000000,  78.00000,
,,,00.000884000000,  78.00000,
,,,00.000886000000,  78.00000,
,,,00.000888000000,  78.00000,
,,,00.000890000000,  78.00000,
,,,00.000892000000,  76.00000,
,,,00.000894000000,  78.00000,
,,,00.000896000000,  78.00000,
,,,00.000898000000,  76.00000,
,,,00.000900000000,  76.00000,
,,,00.000902000000,  76.00000,
,,,00.000904000000,  76.00000,
,,,00.000906000000,  76.00000,
,,,00.000908000000,  74.00000,
,,,00.000910000000,  74.00000,
,,,00.000912000000,  74.00000,
,,,00.000914000000,  74.00000,
,,,00.000916000000,  74.00000,
,,,00.000918000000,  74.00000,
,,,00.000920000000,  74.00000,
,,,00.000922000000,  74.00000,
,,,00.000924000000,  72.00000,
,,,00.000926000000,  72.00000,
,,,00.000928000000,  72.00000,
,,,00.000930000000,  72.00000,
,,,00.000932000000,  72.00000,
,,,00.000934000000,  72.00000,
,,,00.000936000000,  72.00000,
,,,00.000938000000,  70.00000,
,,,00.000940000000,  70.00000,
,,,00.000942000000,  70.00000,
,,,00.000944000000,  70.00000,
,,,00.000946000000,  70.00000,
,,,00.000948000000,  70.00000,
,,,00.000950000000,  70.00000,
,,,00.000952000000,  70.00000,
,,,00.000954000000,  70.00000,
,,,00.000956000000,  68.00000,
,,,00.000958000000,  68.00000,
,,,00.000960000000,  68.00000,
,,,00.000962000000,  66.00000,
,,,00.000964000000,  68.00000,
,,,00.000966000000,  68.00000,
,,,00.000968000000,  66.00000,
,,,00.000970000000,  68.00000,
,,,00.000972000000,  66.00000,
,,,00.000974000000,  66.00000,
,,,00.000976000000,  66.00000,
,,,00.000978000000,  66.00000,
,,,00.000980000000,  66.00000,
,,,00.000982000000,  66.00000,
,,,00.000984000000,  66.00000,
,,,00.000986000000,  66.00000,
,,,00.000988000000,  66.00000,
,,,00.000990000000,  64.00000,
,,,00.000992000000,  64.00000,
,,,00.000994000000,  64.00000,
,,,00.000996000000,  64.00000,
,,,00.000998000000,  64.00000,
,,,00.001000000000,  62.00000,
,,,00.001002000000,  62.00000,
,,,00.001004000000,  62.00000,
,,,00.001006000000,  64.00000,
,,,00.001008000000,  62.00000,
,,,00.001010000000,  62.00000,
,,,00.001012000000,  62.00000,
,,,00.001014000000,  60.00000,
,,,00.001016000000,  62.00000,
,,,00.001018000000,  60.00000,
,,,00.001020000000,  60.00000,
,,,00.001022000000,  60.00000,
,,,00.001024000000,  60.00000,
,,,00.001026000000,  60.00000,
,,,00.001028000000,  60.00000,
,,,00.001030000000,  60.00000,
,,,00.001032000000,  60.00000,
,,,00.001034000000,  60.00000,
,,,00.001036000000,  58.00000,
,,,00.001038000000,  58.00000,
,,,00.001040000000,  58.00000,
,,,00.001042000000,  58.00000,
,,,00.001044000000,  58.00000,
,,,00.001046000000,  58.00000,
,,,00.001048000000,  58.00000,
,,,00.001050000000,  58.00000,
,,,00.001052000000,  56.00000,
,,,00.001054000000,  56.00000,
,,,00.001056000000,  56.00000,
,,,00.001058000000,  56.00000,
,,,00.001060000000,  56.00000,
,,,00.001062000000,  56.00000,
,,,00.001064000000,  56.00000,
,,,00.001066000000,  56.00000,
,,,00.001068000000,  56.00000,
,,,00.001070000000,  56.00000,
,,,00.001072000000,  54.00000,
,,,00.001074000000,  54.00000,
,,,00.001076000000,  54.00000,
,,,00.001078000000,  54.00000,
,,,00.001080000000,  54.00000,
,,,00.001082000000,  54.00000,
,,,00.001084000000,  54.00000,
,,,00.001086000000,  54.00000,
,,,00.001088000000,  54.00000,
,,,00.001090000000,  52.00000,
,,,00.001092000000,  52.00000,
,,,00.001094000000,  54.00000,
,,,00.001096000000,  52.00000,
,,,00.001098000000,  52.00000,
,,,00.001100000000,  52.00000,
,,,00.001102000000,  52.00000,
,,,00.001104000000,  52.00000,
,,,00.001106000000,  52.00000,
,,,00.001108000000,  52.00000,
,,,00.001110000000,  50.00000,
,,,00.001112000000,  52.00000,
,,,00.001114000000,  50.00000,
,,,00.001116000000,  50.00000,
,,,00.001118000000,  50.00000,
,,,00.001120000000,  50.00000,
,,,00.001122000000,  50.00000,
,,,00.001124000000,  48.00000,
,,,00.001126000000,  48.00000,
,,,00.001128000000,  50.00000,
,,,00.001130000000,  48.00000,
,,,00.001132000000,  50.00000,
,,,00.001134000000,  48.00000,
,,,00.001136000000,  48.00000,
,,,00.001138000000,  48.00000,
,,,00.001140000000,  46.00000,
,,,00.001142000000,  48.00000,
,,,00.001144000000,  48.00000,
,,,00.001146000000,  46.00000,
,,,00.001148000000,  46.00000,
,,,00.001150000000,  46.00000,
,,,00.001152000000,  46.00000,
,,,00.001154000000,  46.00000,
,,,00.001156000000,  46.00000,
,,,00.001158000000,  46.00000,
,,,00.001160000000,  44.00000,
,,,00.001162000000,  46.00000,
,,,00.001164000000,  44.00000,
,,,00.001166000000,  46.00000,
,,,00.001168000000,  46.00000,
,,,00.001170000000,  44.00000,
,,,00.001172000000,  44.00000,
,,,00.001174000000,  44.00000,
,,,00.001176000000,  44.00000,
,,,00.001178000000,  42.00000,
,,,00.001180000000,  44.00000,
,,,00.001182000000,  44.00000,
,,,00.001184000000,  42.00000,
,,,00.001186000000,  42.00000,
,,,00.001188000000,  42.00000,
,,,00.001190000000,  42.00000,
,,,00.001192000000,  42.00000,
,,,00.001194000000,  42.00000,
,,,00.001196000000,  42.00000,
,,,00.001198000000,  42.00000,
,,,00.001200000000,  42.00000,
,,,00.001202000000,  40.00000,
,,,00.001204000000,  40.00000,
,,,00.001206000000,  42.00000,
,,,00.001208000000,  42.00000,
,,,00.001210000000,  40.00000,
,,,00.001212000000,  40.00000,
,,,00.001214000000,  40.00000,
,,,00.001216000000,  40.00000,
,,,00.001218000000,  40.00000,
,,,00.001220000000,  38.00000,
,,,00.001222000000,  38.00000,
,,,00.001224000000,  38.00000,
,,,00.001226000000,  38.00000,
,,,00.001228000000,  38.00000,
,,,00.001230000000,  38.00000,
,,,00.001232000000,  38.00000,
,,,00.001234000000,  38.00000,
,,,00.001236000000,  38.00000,
,,,00.001238000000,  38.00000,
,,,00.001240000000,  38.00000,
,,,00.001242000000,  38.00000,
,,,00.001244000000,  38.00000,
,,,00.001246000000,  38.00000,
,,,00.001248000000,  38.00000,
,,,00.001250000000,  36.00000,
,,,00.001252000000,  36.00000,
,,,00.001254000000,  38.00000,
,,,00.001256000000,  36.00000,
,,,00.001258000000,  36.00000,
,,,00.001260000000,  36.00000,
,,,00.001262000000,  36.00000,
,,,00.001264000000,  36.00000,
,,,00.001266000000,  36.00000,
,,,00.001268000000,  34.00000,
,,,00.001270000000,  34.00000,
,,,00.001272000000,  34.00000,
,,,00.001274000000,  34.00000,
,,,00.001276000000,  34.00000,
,,,00.001278000000,  34.00000,
,,,00.001280000000,  34.00000,
,,,00.001282000000,  34.00000,
,,,00.001284000000,  34.00000,
,,,00.001286000000,  34.00000,
,,,00.001288000000,  34.00000,
,,,00.001290000000,  34.00000,
,,,00.001292000000,  34.00000,
,,,00.001294000000,  32.00000,
,,,00.001296000000,  32.00000,
,,,00.001298000000,  32.00000,
,,,00.001300000000,  32.00000,
,,,00.001302000000,  32.00000,
,,,00.001304000000,  32.00000,
,,,00.001306000000,  32.00000,
,,,00.001308000000,  30.00000,
,,,00.001310000000,  30.00000,
,,,00.001312000000,  30.00000,
,,,00.001314000000,  30.00000,
,,,00.001316000000,  30.00000,
,,,00.001318000000,  30.00000,
,,,00.001320000000,  30.00000,
,,,00.001322000000,  30.00000,
,,,00.001324000000,  30.00000,
,,,00.001326000000,  30.00000,
,,,00.001328000000,  30.00000,
,,,00.001330000000,  30.00000,
,,,00.001332000000,  30.00000,
,,,00.001334000000,  28.00000,
,,,00.001336000000,  28.00000,
,,,00.001338000000,  28.00000,
,,,00.001340000000,  28.00000,
,,,00.001342000000,  28.00000,
,,,00.001344000000,  28.00000,
,,,00.001346000000,  28.00000,
,,,00.001348000000,  28.00000,
,,,00.001350000000,  28.00000,
,,,00.001352000000,  28.00000,
,,,00.001354000000,  26.00000,
,,,00.001356000000,  28.00000,
,,,00.001358000000,  28.00000,
,,,00.001360000000,  28.00000,
,,,00.001362000000,  28.00000,
,,,00.001364000000,  26.00000,
,,,00.001366000000,  26.00000,
,,,00.001368000000,  26.00000,
,,,00.001370000000,  26.00000,
,,,00.001372000000,  26.00000,
,,,00.001374000000,  26.00000,
,,,00.001376000000,  26.00000,
,,,00.001378000000,  26.00000,
,,,00.001380000000,  26.00000,
,,,00.001382000000,  24.00000,
,,,00.001384000000,  26.00000,
,,,00.001386000000,  26.00000,
,,,00.001388000000,  24.00000,
,,,00.001390000000,  24.00000,
,,,00.001392000000,  24.00000,
,,,00.001394000000,  24.00000,
,,,00.001396000000,  24.00000,
,,,00.001398000000,  24.00000,
,,,00.001400000000,  24.00000,
,,,00.001402000000,  22.00000,
,,,00.001404000000,  24.00000,
,,,00.001406000000,  24.00000,
,,,00.001408000000,  22.00000,
,,,00.001410000000,  22.00000,
,,,00.001412000000,  22.00000,
,,,00.001414000000,  22.00000,
,,,00.001416000000,  22.00000,
,,,00.001418000000,  22.00000,
,,,00.001420000000,  22.00000,
,,,00.001422000000,  22.00000,
,,,00.001424000000,  22.00000,
,,,00.001426000000,  22.00000,
,,,00.001428000000,  22.00000,
,,,00.001430000000,  20.00000,
,,,00.001432000000,  20.00000,
,,,00.001434000000,  20.00000,
,,,00.001436000000,  20.00000,
,,,00.001438000000,  20.00000,
,,,00.001440000000,  20.00000,
,,,00.001442000000,  20.00000,
,,,00.001444000000,  20.00000,
,,,00.001446000000,  20.00000,
,,,00.001448000000,  20.00000,
,,,00.001450000000,  20.00000,
,,,00.001452000000,  20.00000,
,,,00.001454000000,  20.00000,
,,,00.001456000000,  20.00000,
,,,00.001458000000,  20.00000,
,,,00.001460000000,  20.00000,
,,,00.001462000000,  18.00000,
,,,00.001464000000,  18.00000,
,,,00.001466000000,  20.00000,
,,,00.001468000000,  18.00000,
,,,00.001470000000,  20.00000,
,,,00.001472000000,  18.00000,
,,,00.001474000000,  18.00000,
,,,00.001476000000,  18.00000,
,,,00.001478000000,  18.00000,
,,,00.001480000000,  18.00000,
,,,00.001482000000,  18.00000,
,,,00.001484000000,  18.00000,
,,,00.001486000000,  18.00000,
,,,00.001488000000,  18.00000,
,,,00.001490000000,  18.00000,
,,,00.001492000000,  16.00000,
,,,00.001494000000,  16.00000,
,,,00.001496000000,  16.00000,
,,,00.001498000000,  16.00000,
,,,00.001500000000,  16.00000,
,,,00.001502000000,  16.00000,
,,,00.001504000000,  16.00000,
,,,00.001506000000,  16.00000,
,,,00.001508000000,  16.00000,
,,,00.001510000000,  16.00000,
,,,00.001512000000,  16.00000,
,,,00.001514000000,  16.00000,
,,,00.001516000000,  16.00000,
,,,00.001518000000,  16.00000,
,,,00.001520000000,  14.00000,
,,,00.001522000000,  14.00000,
,,,00.001524000000,  16.00000,
,,,00.001526000000,  16.00000,
,,,00.001528000000,  14.00000,
,,,00.001530000000,  14.00000,
,,,00.001532000000,  14.00000,
,,,00.001534000000,  14.00000,
,,,00.001536000000,  14.00000,
,,,00.001538000000,  14.00000,
,,,00.001540000000,  14.00000,
,,,00.001542000000,  14.00000,
,,,00.001544000000,  14.00000,
,,,00.001546000000,  14.00000,
,,,00.001548000000,  14.00000,
,,,00.001550000000,  12.00000,
,,,00.001552000000,  12.00000,
,,,00.001554000000,  14.00000,
,,,00.001556000000,  12.00000,
,,,00.001558000000,  12.00000,
,,,00.001560000000,  12.00000,
,,,00.001562000000,  12.00000,
,,,00.001564000000,  12.00000,
,,,00.001566000000,  12.00000,
,,,00.001568000000,  12.00000,
,,,00.001570000000,  12.00000,
,,,00.001572000000,  12.00000,
,,,00.001574000000,  10.00000,
,,,00.001576000000,  10.00000,
,,,00.001578000000,  12.00000,
,,,00.001580000000,  10.00000,
,,,00.001582000000,  12.00000,
,,,00.001584000000,  12.00000,
,,,00.001586000000,  10.00000,
,,,00.001588000000,  10.00000,
,,,00.001590000000,  10.00000,
,,,00.001592000000,  10.00000,
,,,00.001594000000,  10.00000,
,,,00.001596000000,  10.00000,
,,,00.001598000000,  10.00000,
,,,00.001600000000,  10.00000,
,,,00.001602000000,  10.00000,
,,,00.001604000000,  10.00000,
,,,00.001606000000,  10.00000,
,,,00.001608000000,  10.00000,
,,,00.001610000000,  10.00000,
,,,00.001612000000,  10.00000,
,,,00.001614000000,   8.00000,
,,,00.001616000000,  10.00000,
,,,00.001618000000,   8.00000,
,,,00.001620000000,  10.00000,
,,,00.001622000000,  10.00000,
,,,00.001624000000,  10.00000,
,,,00.001626000000,   8.00000,
,,,00.001628000000,   8.00000,
,,,00.001630000000,   8.00000,
,,,00.001632000000,   8.00000,
,,,00.001634000000,   8.00000,
,,,00.001636000000,   8.00000,
,,,00.001638000000,   8.00000,
,,,00.001640000000,  10.00000,
,,,00.001642000000,   8.00000,
,,,00.001644000000,   8.00000,
,,,00.001646000000,   8.00000,
,,,00.001648000000,   8.00000,
,,,00.001650000000,   8.00000,
,,,00.001652000000,   8.00000,
,,,00.001654000000,  10.00000,
,,,00.001656000000,   8.00000,
,,,00.001658000000,   8.00000,
,,,00.001660000000,   8.00000,
,,,00.001662000000,   8.00000,
,,,00.001664000000,   8.00000,
,,,00.001666000000,   8.00000,
,,,00.001668000000,   8.00000,
,,,00.001670000000,   8.00000,
,,,00.001672000000,   8.00000,
,,,00.001674000000,   8.00000,
,,,00.001676000000,   8.00000,
,,,00.001678000000,   8.00000,
,,,00.001680000000,   8.00000,
,,,00.001682000000,   8.00000,
,,,00.001684000000,   8.00000,
,,,00.001686000000,   8.00000,
,,,00.001688000000,   8.00000,
,,,00.001690000000,   8.00000,
,,,00.001692000000,   8.00000,
,,,00.001694000000,   8.00000,
,,,00.001696000000,   8.00000,
,,,00.001698000000,   8.00000,
,,,00.001700000000,   8.00000,
,,,00.001702000000,   8.00000,
,,,00.001704000000,   8.00000,
,,,00.001706000000,   8.00000,
,,,00.001708000000,   8.00000,
,,,00.001710000000,   8.00000,
,,,00.001712000000,   8.00000,
,,,00.001714000000,   6.00000,
,,,00.001716000000,   6.00000,
,,,00.001718000000,   8.00000,
,,,00.001720000000,   8.00000,
,,,00.001722000000,   8.00000,
,,,00.001724000000,   8.00000,
,,,00.001726000000,   8.00000,
,,,00.001728000000,   8.00000,
,,,00.001730000000,   6.00000,
,,,00.001732000000,   8.00000,
,,,00.001734000000,   8.00000,
,,,00.001736000000,   8.00000,
,,,00.001738000000,   8.00000,
,,,00.001740000000,   8.00000,
,,,00.001742000000,   8.00000,
,,,00.001744000000,   8.00000,
,,,00.001746000000,   8.00000,
,,,00.001748000000,   6.00000,
,,,00.001750000000,   6.00000,
,,,00.001752000000,   6.00000,
,,,00.001754000000,   6.00000,
,,,00.001756000000,   6.00000,
,,,00.001758000000,   6.00000,
,,,00.001760000000,   6.00000,
,,,00.001762000000,   6.00000,
,,,00.001764000000,   6.00000,
,,,00.001766000000,   6.00000,
,,,00.001768000000,   6.00000,
,,,00.001770000000,   6.00000,
,,,00.001772000000,   6.00000,
,,,00.001774000000,   6.00000,
,,,00.001776000000,   6.00000,
,,,00.001778000000,   6.00000,
,,,00.001780000000,   6.00000,
,,,00.001782000000,   6.00000,
,,,00.001784000000,   6.00000,
,,,00.001786000000,   6.00000,
,,,00.001788000000,   6.00000,
,,,00.001790000000,   6.00000,
,,,00.001792000000,   6.00000,
,,,00.001794000000,   6.00000,
,,,00.001796000000,   6.00000,
,,,00.001798000000,   6.00000,
,,,00.001800000000,   6.00000,
,,,00.001802000000,   6.00000,
,,,00.001804000000,   6.00000,
,,,00.001806000000,   6.00000,
,,,00.001808000000,   6.00000,
,,,00.001810000000,   6.00000,
,,,00.001812000000,   6.00000,
,,,00.001814000000,   6.00000,
,,,00.001816000000,   8.00000,
,,,00.001818000000,   6.00000,
,,,00.001820000000,   6.00000,
,,,00.001822000000,   6.00000,
,,,00.001824000000,   6.00000,
,,,00.001826000000,   6.00000,
,,,00.001828000000,   6.00000,
,,,00.001830000000,   6.00000,
,,,00.001832000000,   6.00000,
,,,00.001834000000,   6.00000,
,,,00.001836000000,   6.00000,
,,,00.001838000000,   6.00000,
,,,00.001840000000,   6.00000,
,,,00.001842000000,   6.00000,
,,,00.001844000000,   6.00000,
,,,00.001846000000,   6.00000,
,,,00.001848000000,   6.00000,
,,,00.001850000000,   6.00000,
,,,00.001852000000,   6.00000,
,,,00.001854000000,   6.00000,
,,,00.001856000000,   6.00000,
,,,00.001858000000,   6.00000,
,,,00.001860000000,   6.00000,
,,,00.001862000000,   6.00000,
,,,00.001864000000,   4.00000,
,,,00.001866000000,   4.00000,
,,,00.001868000000,   6.00000,
,,,00.001870000000,   6.00000,
,,,00.001872000000,   4.00000,
,,,00.001874000000,   6.00000,
,,,00.001876000000,   6.00000,
,,,00.001878000000,   6.00000,
,,,00.001880000000,   6.00000,
,,,00.001882000000,   4.00000,
,,,00.001884000000,   6.00000,
,,,00.001886000000,   6.00000,
,,,00.001888000000,   6.00000,
,,,00.001890000000,   6.00000,
,,,00.001892000000,   4.00000,
,,,00.001894000000,   6.00000,
,,,00.001896000000,   4.00000,
,,,00.001898000000,   6.00000,
,,,00.001900000000,   6.00000,
,,,00.001902000000,   6.00000,
,,,00.001904000000,   4.00000,
,,,00.001906000000,   6.00000,
,,,00.001908000000,   4.00000,
,,,00.001910000000,   6.00000,
,,,00.001912000000,   6.00000,
,,,00.001914000000,   6.00000,
,,,00.001916000000,   6.00000,
,,,00.001918000000,   6.00000,
,,,00.001920000000,   4.00000,
,,,00.001922000000,   6.00000,
,,,00.001924000000,   4.00000,
,,,00.001926000000,   6.00000,
,,,00.001928000000,   6.00000,
,,,00.001930000000,   4.00000,
,,,00.001932000000,   4.00000,
,,,00.001934000000,   4.00000,
,,,00.001936000000,   4.00000,
,,,00.001938000000,   6.00000,
,,,00.001940000000,   6.00000,
,,,00.001942000000,   4.00000,
,,,00.001944000000,   4.00000,
,,,00.001946000000,   6.00000,
,,,00.001948000000,   4.00000,
,,,00.001950000000,   4.00000,
,,,00.001952000000,   4.00000,
,,,00.001954000000,   6.00000,
,,,00.001956000000,   6.00000,
,,,00.001958000000,   4.00000,
,,,00.001960000000,   6.00000,
,,,00.001962000000,   6.00000,
,,,00.001964000000,   4.00000,
,,,00.001966000000,   4.00000,
,,,00.001968000000,   4.00000,
,,,00.001970000000,   4.00000,
,,,00.001972000000,   4.00000,
,,,00.001974000000,   4.00000,
,,,00.001976000000,   4.00000,
,,,00.001978000000,   4.00000,
,,,00.001980000000,   4.00000,
,,,00.001982000000,   4.00000,
,,,00.001984000000,   4.00000,
,,,00.001986000000,   4.00000,
,,,00.001988000000,   4.00000,
,,,00.001990000000,   4.00000,
,,,00.001992000000,   4.00000,
,,,00.001994000000,   4.00000,
,,,00.001996000000,   4.00000,
,,,00.001998000000,   4.00000,
,,,00.002000000000,   4.00000,
,,,00.002002000000,   4.00000,
,,,00.002004000000,   6.00000,
,,,00.002006000000,   4.00000,
,,,00.002008000000,   4.00000,
,,,00.002010000000,   4.00000,
,,,00.002012000000,   4.00000,
,,,00.002014000000,   4.00000,
,,,00.002016000000,   4.00000,
,,,00.002018000000,   4.00000,
,,,00.002020000000,   4.00000,
,,,00.002022000000,   4.00000,
,,,00.002024000000,   4.00000,
,,,00.002026000000,   4.00000,
,,,00.002028000000,   4.00000,
,,,00.002030000000,   4.00000,
,,,00.002032000000,   4.00000,
,,,00.002034000000,   4.00000,
,,,00.002036000000,   4.00000,
,,,00.002038000000,   4.00000,
,,,00.002040000000,   6.00000,
,,,00.002042000000,   4.00000,
,,,00.002044000000,   4.00000,
,,,00.002046000000,   4.00000,
,,,00.002048000000,   6.00000,
,,,00.002050000000,   4.00000,
,,,00.002052000000,   4.00000,
,,,00.002054000000,   4.00000,
,,,00.002056000000,   6.00000,
,,,00.002058000000,   4.00000,
,,,00.002060000000,   4.00000,
,,,00.002062000000,   4.00000,
,,,00.002064000000,   4.00000,
,,,00.002066000000,   4.00000,
,,,00.002068000000,   6.00000,
,,,00.002070000000,   4.00000,
,,,00.002072000000,   4.00000,
,,,00.002074000000,   4.00000,
,,,00.002076000000,   4.00000,
,,,00.002078000000,   4.00000,
,,,00.002080000000,   4.00000,
,,,00.002082000000,   4.00000,
,,,00.002084000000,   4.00000,
,,,00.002086000000,   4.00000,
,,,00.002088000000,   4.00000,
,,,00.002090000000,   4.00000,
,,,00.002092000000,   4.00000,
,,,00.002094000000,   4.00000,
,,,00.002096000000,   4.00000,
,,,00.002098000000,   4.00000,
,,,00.002100000000,   4.00000,
,,,00.002102000000,   4.00000,
,,,00.002104000000,   4.00000,
,,,00.002106000000,   4.00000,
,,,00.002108000000,   4.00000,
,,,00.002110000000,   4.00000,
,,,00.002112000000,   4.00000,
,,,00.002114000000,   4.00000,
,,,00.002116000000,   4.00000,
,,,00.002118000000,   6.00000,
,,,00.002120000000,   4.00000,
,,,00.002122000000,   4.00000,
,,,00.002124000000,   4.00000,
,,,00.002126000000,   4.00000,
,,,00.002128000000,   4.00000,
,,,00.002130000000,   6.00000,
,,,00.002132000000,   4.00000,
,,,00.002134000000,   4.00000,
,,,00.002136000000,   4.00000,
,,,00.002138000000,   4.00000,
,,,00.002140000000,   4.00000,
,,,00.002142000000,   4.00000,
,,,00.002144000000,   4.00000,
,,,00.002146000000,   4.00000,
,,,00.002148000000,   4.00000,
,,,00.002150000000,   4.00000,
,,,00.002152000000,   4.00000,
,,,00.002154000000,   4.00000,
,,,00.002156000000,   4.00000,
,,,00.002158000000,   4.00000,
,,,00.002160000000,   4.00000,
,,,00.002162000000,   4.00000,
,,,00.002164000000,   4.00000,
,,,00.002166000000,   4.00000,
,,,00.002168000000,   4.00000,
,,,00.002170000000,   4.00000,
,,,00.002172000000,   4.00000,
,,,00.002174000000,   4.00000,
,,,00.002176000000,   4.00000,
,,,00.002178000000,   4.00000,
,,,00.002180000000,   4.00000,
,,,00.002182000000,   4.00000,
,,,00.002184000000,   4.00000,
,,,00.002186000000,   4.00000,
,,,00.002188000000,   4.00000,
,,,00.002190000000,   4.00000,
,,,00.002192000000,   4.00000,
,,,00.002194000000,   4.00000,
,,,00.002196000000,   6.00000,
,,,00.002198000000,   4.00000,
,,,00.002200000000,   4.00000,
,,,00.002202000000,   4.00000,
,,,00.002204000000,   4.00000,
,,,00.002206000000,   4.00000,
,,,00.002208000000,   4.00000,
,,,00.002210000000,   4.00000,
,,,00.002212000000,   4.00000,
,,,00.002214000000,   6.00000,
,,,00.002216000000,   6.00000,
,,,00.002218000000,   4.00000,
,,,00.002220000000,   4.00000,
,,,00.002222000000,   4.00000,
,,,00.002224000000,   4.00000,
,,,00.002226000000,   4.00000,
,,,00.002228000000,   4.00000,
,,,00.002230000000,   4.00000,
,,,00.002232000000,   4.00000,
,,,00.002234000000,   4.00000,
,,,00.002236000000,   4.00000,
,,,00.002238000000,   4.00000,
,,,00.002240000000,   4.00000,
,,,00.002242000000,   4.00000,
,,,00.002244000000,   4.00000,
,,,00.002246000000,   4.00000,
,,,00.002248000000,   4.00000,
,,,00.002250000000,   4.00000,
,,,00.002252000000,   4.00000,
,,,00.002254000000,   4.00000,
,,,00.002256000000,   4.00000,
,,,00.002258000000,   4.00000,
,,,00.002260000000,   6.00000,
,,,00.002262000000,   4.00000,
,,,00.002264000000,   4.00000,
,,,00.002266000000,   4.00000,
,,,00.002268000000,   6.00000,
,,,00.002270000000,   6.00000,
,,,00.002272000000,   6.00000,
,,,00.002274000000,   6.00000,
,,,00.002276000000,   6.00000,
,,,00.002278000000,   4.00000,
,,,00.002280000000,   4.00000,
,,,00.002282000000,   4.00000,
,,,00.002284000000,   4.00000,
,,,00.002286000000,   4.00000,
,,,00.002288000000,   4.00000,
,,,00.002290000000,   4.00000,
,,,00.002292000000,   4.00000,
,,,00.002294000000,   4.00000,
,,,00.002296000000,   4.00000,
,,,00.002298000000,   4.00000,
,,,00.002300000000,   4.00000,
,,,00.002302000000,   4.00000,
,,,00.002304000000,   4.00000,
,,,00.002306000000,   6.00000,
,,,00.002308000000,   6.00000,
,,,00.002310000000,   4.00000,
,,,00.002312000000,   4.00000,
,,,00.002314000000,   6.00000,
,,,00.002316000000,   4.00000,
,,,00.002318000000,   4.00000,
,,,00.002320000000,   4.00000,
,,,00.002322000000,   4.00000,
,,,00.002324000000,   6.00000,
,,,00.002326000000,   4.00000,
,,,00.002328000000,   4.00000,
,,,00.002330000000,   4.00000,
,,,00.002332000000,   4.00000,
,,,00.002334000000,   4.00000,
,,,00.002336000000,   4.00000,
,,,00.002338000000,   6.00000,
,,,00.002340000000,   4.00000,
,,,00.002342000000,   6.00000,
,,,00.002344000000,   4.00000,
,,,00.002346000000,   4.00000,
,,,00.002348000000,   4.00000,
,,,00.002350000000,   4.00000,
,,,00.002352000000,   4.00000,
,,,00.002354000000,   4.00000,
,,,00.002356000000,   6.00000,
,,,00.002358000000,   6.00000,
,,,00.002360000000,   4.00000,
,,,00.002362000000,   6.00000,
,,,00.002364000000,   4.00000,
,,,00.002366000000,   6.00000,
,,,00.002368000000,   4.00000,
,,,00.002370000000,   6.00000,
,,,00.002372000000,   4.00000,
,,,00.002374000000,   6.00000,
,,,00.002376000000,   6.00000,
,,,00.002378000000,   6.00000,
,,,00.002380000000,   4.00000,
,,,00.002382000000,   6.00000,
,,,00.002384000000,   6.00000,
,,,00.002386000000,   4.00000,
,,,00.002388000000,   6.00000,
,,,00.002390000000,   6.00000,
,,,00.002392000000,   6.00000,
,,,00.002394000000,   6.00000,
,,,00.002396000000,   6.00000,
,,,00.002398000000,   6.00000,
,,,00.002400000000,   4.00000,
,,,00.002402000000,   6.00000,
,,,00.002404000000,   6.00000,
,,,00.002406000000,   4.00000,
,,,00.002408000000,   6.00000,
,,,00.002410000000,   6.00000,
,,,00.002412000000,   6.00000,
,,,00.002414000000,   6.00000,
,,,00.002416000000,   6.00000,
,,,00.002418000000,   4.00000,
,,,00.002420000000,   6.00000,
,,,00.002422000000,   6.00000,
,,,00.002424000000,   6.00000,
,,,00.002426000000,   6.00000,
,,,00.002428000000,   4.00000,
,,,00.002430000000,   4.00000,
,,,00.002432000000,   6.00000,
,,,00.002434000000,   6.00000,
,,,00.002436000000,   6.00000,
,,,00.002438000000,   6.00000,
,,,00.002440000000,   6.00000,
,,,00.002442000000,   6.00000,
,,,00.002444000000,   6.00000,
,,,00.002446000000,   6.00000,
,,,00.002448000000,   6.00000,
,,,00.002450000000,   6.00000,
,,,00.002452000000,   6.00000,
,,,00.002454000000,   6.00000,
,,,00.002456000000,   6.00000,
,,,00.002458000000,   6.00000,
,,,00.002460000000,   6.00000,
,,,00.002462000000,   6.00000,
,,,00.002464000000,   6.00000,
,,,00.002466000000,   6.00000,
,,,00.002468000000,   6.00000,
,,,00.002470000000,   4.00000,
,,,00.002472000000,   6.00000,
,,,00.002474000000,   6.00000,
,,,00.002476000000,   6.00000,
,,,00.002478000000,   6.00000,
,,,00.002480000000,   6.00000,
,,,00.002482000000,   6.00000,
,,,00.002484000000,   6.00000,
,,,00.002486000000,   6.00000,
,,,00.002488000000,   6.00000,
,,,00.002490000000,   6.00000,
,,,00.002492000000,   6.00000,
,,,00.002494000000,   6.00000,
,,,00.002496000000,   6.00000,
,,,00.002498000000,   6.00000,
,,,00.002500000000,   6.00000,
,,,00.002502000000,   6.00000,
,,,00.002504000000,   6.00000,
,,,00.002506000000,   6.00000,
,,,00.002508000000,   6.00000,
,,,00.002510000000,   6.00000,
,,,00.002512000000,   6.00000,
,,,00.002514000000,   6.00000,
,,,00.002516000000,   6.00000,
,,,00.002518000000,   6.00000,
,,,00.002520000000,   6.00000,
,,,00.002522000000,   6.00000,
,,,00.002524000000,   6.00000,
,,,00.002526000000,   6.00000,
,,,00.002528000000,   6.00000,
,,,00.002530000000,   6.00000,
,,,00.002532000000,   6.00000,
,,,00.002534000000,   6.00000,
,,,00.002536000000,   6.00000,
,,,00.002538000000,   6.00000,
,,,00.002540000000,   6.00000,
,,,00.002542000000,   6.00000,
,,,00.002544000000,   6.00000,
,,,00.002546000000,   6.00000,
,,,00.002548000000,   6.00000,
,,,00.002550000000,   6.00000,
,,,00.002552000000,   6.00000,
,,,00.002554000000,   6.00000,
,,,00.002556000000,   6.00000,
,,,00.002558000000,   6.00000,
,,,00.002560000000,   6.00000,
,,,00.002562000000,   6.00000,
,,,00.002564000000,   6.00000,
,,,00.002566000000,   6.00000,
,,,00.002568000000,   6.00000,
,,,00.002570000000,   6.00000,
,,,00.002572000000,   6.00000,
,,,00.002574000000,   6.00000,
,,,00.002576000000,   6.00000,
,,,00.002578000000,   6.00000,
,,,00.002580000000,   6.00000,
,,,00.002582000000,   6.00000,
,,,00.002584000000,   6.00000,
,,,00.002586000000,   6.00000,
,,,00.002588000000,   6.00000,
,,,00.002590000000,   6.00000,
,,,00.002592000000,   6.00000,
,,,00.002594000000,   6.00000,
,,,00.002596000000,   6.00000,
,,,00.002598000000,   6.00000,
,,,00.002600000000,   6.00000,
,,,00.002602000000,   6.00000,
,,,00.002604000000,   6.00000,
,,,00.002606000000,   6.00000,
,,,00.002608000000,   6.00000,
,,,00.002610000000,   6.00000,
,,,00.002612000000,   6.00000,
,,,00.002614000000,   6.00000,
,,,00.002616000000,   6.00000,
,,,00.002618000000,   6.00000,
,,,00.002620000000,   6.00000,
,,,00.002622000000,   6.00000,
,,,00.002624000000,   6.00000,
,,,00.002626000000,   6.00000,
,,,00.002628000000,   6.00000,
,,,00.002630000000,   6.00000,
,,,00.002632000000,   6.00000,
,,,00.002634000000,   6.00000,
,,,00.002636000000,   6.00000,
,,,00.002638000000,   6.00000,
,,,00.002640000000,   6.00000,
,,,00.002642000000,   6.00000,
,,,00.002644000000,   6.00000,
,,,00.002646000000,   6.00000,
,,,00.002648000000,   6.00000,
,,,00.002650000000,   6.00000,
,,,00.002652000000,   6.00000,
,,,00.002654000000,   6.00000,
,,,00.002656000000,   6.00000,
,,,00.002658000000,   6.00000,
,,,00.002660000000,   6.00000,
,,,00.002662000000,   6.00000,
,,,00.002664000000,   6.00000,
,,,00.002666000000,   6.00000,
,,,00.002668000000,   6.00000,
,,,00.002670000000,   6.00000,
,,,00.002672000000,   6.00000,
,,,00.002674000000,   6.00000,
,,,00.002676000000,   6.00000,
,,,00.002678000000,   6.00000,
,,,00.002680000000,   6.00000,
,,,00.002682000000,   6.00000,
,,,00.002684000000,   6.00000,
,,,00.002686000000,   6.00000,
,,,00.002688000000,   6.00000,
,,,00.002690000000,   6.00000,
,,,00.002692000000,   6.00000,
,,,00.002694000000,   8.00000,
,,,00.002696000000,   6.00000,
,,,00.002698000000,   6.00000,
,,,00.002700000000,   8.00000,
,,,00.002702000000,   6.00000,
,,,00.002704000000,   6.00000,
,,,00.002706000000,   6.00000,
,,,00.002708000000,   8.00000,
,,,00.002710000000,   6.00000,
,,,00.002712000000,   6.00000,
,,,00.002714000000,   8.00000,
,,,00.002716000000,   6.00000,
,,,00.002718000000,   6.00000,
,,,00.002720000000,   6.00000,
,,,00.002722000000,   6.00000,
,,,00.002724000000,   6.00000,
,,,00.002726000000,   6.00000,
,,,00.002728000000,   6.00000,
,,,00.002730000000,   6.00000,
,,,00.002732000000,   8.00000,
,,,00.002734000000,   6.00000,
,,,00.002736000000,   6.00000,
,,,00.002738000000,   6.00000,
,,,00.002740000000,   6.00000,
,,,00.002742000000,   6.00000,
,,,00.002744000000,   8.00000,
,,,00.002746000000,   6.00000,
,,,00.002748000000,   6.00000,
,,,00.002750000000,   8.00000,
,,,00.002752000000,   6.00000,
,,,00.002754000000,   6.00000,
,,,00.002756000000,   8.00000,
,,,00.002758000000,   8.00000,
,,,00.002760000000,   6.00000,
,,,00.002762000000,   6.00000,
,,,00.002764000000,   8.00000,
,,,00.002766000000,   6.00000,
,,,00.002768000000,  20.00000,
,,,00.002770000000,   6.00000,
,,,00.002772000000,  10.00000,
,,,00.002774000000,   8.00000,
,,,00.002776000000,   8.00000,
,,,00.002778000000,   8.00000,
,,,00.002780000000,   8.00000,
,,,00.002782000000,  10.00000,
,,,00.002784000000,   8.00000,
,,,00.002786000000,  10.00000,
,,,00.002788000000,  10.00000,
,,,00.002790000000,  10.00000,
,,,00.002792000000,  10.00000,
,,,00.002794000000,  10.00000,
,,,00.002796000000,  10.00000,
,,,00.002798000000,  10.00000,
,,,00.002800000000,  10.00000,
,,,00.002802000000,  10.00000,
,,,00.002804000000,  10.00000,
,,,00.002806000000,  10.00000,
,,,00.002808000000,  10.00000,
,,,00.002810000000,  10.00000,
,,,00.002812000000,  10.00000,
,,,00.002814000000,  10.00000,
,,,00.002816000000,  10.00000,
,,,00.002818000000,  10.00000,
,,,00.002820000000,  10.00000,
,,,00.002822000000,  10.00000,
,,,00.002824000000,  10.00000,
,,,00.002826000000,  10.00000,
,,,00.002828000000,  10.00000,
,,,00.002830000000,  10.00000,
,,,00.002832000000,  10.00000,
,,,00.002834000000,  10.00000,
,,,00.002836000000,  10.00000,
,,,00.002838000000,  10.00000,
,,,00.002840000000,  10.00000,
,,,00.002842000000,  10.00000,
,,,00.002844000000,  10.00000,
,,,00.002846000000,  10.00000,
,,,00.002848000000,  10.00000,
,,,00.002850000000,  10.00000,
,,,00.002852000000,  10.00000,
,,,00.002854000000,  10.00000,
,,,00.002856000000,  10.00000,
,,,00.002858000000,  10.00000,
,,,00.002860000000,  10.00000,
,,,00.002862000000,  10.00000,
,,,00.002864000000,  10.00000,
,,,00.002866000000,  10.00000,
,,,00.002868000000,  10.00000,
,,,00.002870000000,  10.00000,
,,,00.002872000000,  10.00000,
,,,00.002874000000,  10.00000,
,,,00.002876000000,  10.00000,
,,,00.002878000000,  10.00000,
,,,00.002880000000,  10.00000,
,,,00.002882000000,  10.00000,
,,,00.002884000000,  10.00000,
,,,00.002886000000,  10.00000,
,,,00.002888000000,  10.00000,
,,,00.002890000000,  10.00000,
,,,00.002892000000,  12.00000,
,,,00.002894000000,  10.00000,
,,,00.002896000000,  10.00000,
,,,00.002898000000,  10.00000,
,,,00.002900000000,  10.00000,
,,,00.002902000000,  10.00000,
,,,00.002904000000,  10.00000,
,,,00.002906000000,  10.00000,
,,,00.002908000000,  12.00000,
,,,00.002910000000,  10.00000,
,,,00.002912000000,  10.00000,
,,,00.002914000000,  10.00000,
,,,00.002916000000,  10.00000,
,,,00.002918000000,  10.00000,
,,,00.002920000000,  12.00000,
,,,00.002922000000,  10.00000,
,,,00.002924000000,  10.00000,
,,,00.002926000000,  10.00000,
,,,00.002928000000,  12.00000,
,,,00.002930000000,  10.00000,
,,,00.002932000000,  10.00000,
,,,00.002934000000,  12.00000,
,,,00.002936000000,  12.00000,
,,,00.002938000000,  12.00000,
,,,00.002940000000,  10.00000,
,,,00.002942000000,  10.00000,
,,,00.002944000000,  12.00000,
,,,00.002946000000,  12.00000,
,,,00.002948000000,  12.00000,
,,,00.002950000000,  12.00000,
,,,00.002952000000,  12.00000,
,,,00.002954000000,  10.00000,
,,,00.002956000000,  12.00000,
,,,00.002958000000,  10.00000,
,,,00.002960000000,  12.00000,
,,,00.002962000000,  10.00000,
,,,00.002964000000,  10.00000,
,,,00.002966000000,  10.00000,
,,,00.002968000000,  12.00000,
,,,00.002970000000,  12.00000,
,,,00.002972000000,  10.00000,
,,,00.002974000000,  12.00000,
,,,00.002976000000,  12.00000,
,,,00.002978000000,  12.00000,
,,,00.002980000000,  12.00000,
,,,00.002982000000,  12.00000,
,,,00.002984000000,  10.00000,
,,,00.002986000000,  12.00000,
,,,00.002988000000,  12.00000,
,,,00.002990000000,  12.00000,
,,,00.002992000000,  12.00000,
,,,00.002994000000,  12.00000,
,,,00.002996000000,  12.00000,
,,,00.002998000000,  12.00000,
,,,00.003000000000,  10.00000,
,,,00.003002000000,  12.00000,
,,,00.003004000000,  12.00000,
,,,00.003006000000,  12.00000,
,,,00.003008000000,  12.00000,
,,,00.003010000000,  12.00000,
,,,00.003012000000,  12.00000,
,,,00.003014000000,  10.00000,
,,,00.003016000000,  12.00000,
,,,00.003018000000,  12.00000,
,,,00.003020000000,  12.00000,
,,,00.003022000000,  12.00000,
,,,00.003024000000,  12.00000,
,,,00.003026000000,  12.00000,
,,,00.003028000000,  12.00000,
,,,00.003030000000,  12.00000,
,,,00.003032000000,  12.00000,
,,,00.003034000000,  12.00000,
,,,00.003036000000,  12.00000,
,,,00.003038000000,  12.00000,
,,,00.003040000000,  12.00000,
,,,00.003042000000,  12.00000,
,,,00.003044000000,  12.00000,
,,,00.003046000000,  12.00000,
,,,00.003048000000,  12.00000,
,,,00.003050000000,  12.00000,
,,,00.003052000000,  12.00000,
,,,00.003054000000,  12.00000,
,,,00.003056000000,  12.00000,
,,,00.003058000000,  12.00000,
,,,00.003060000000,  12.00000,
,,,00.003062000000,  12.00000,
,,,00.003064000000,  12.00000,
,,,00.003066000000,  12.00000,
,,,00.003068000000,  12.00000,
,,,00.003070000000,  12.00000,
,,,00.003072000000,  12.00000,
,,,00.003074000000,  14.00000,
,,,00.003076000000,  12.00000,
,,,00.003078000000,  12.00000,
,,,00.003080000000,  12.00000,
,,,00.003082000000,  12.00000,
,,,00.003084000000,  12.00000,
,,,00.003086000000,  12.00000,
,,,00.003088000000,  12.00000,
,,,00.003090000000,  12.00000,
,,,00.003092000000,  12.00000,
,,,00.003094000000,  12.00000,
,,,00.003096000000,  12.00000,
,,,00.003098000000,  12.00000,
,,,00.003100000000,  12.00000,
,,,00.003102000000,  12.00000,
,,,00.003104000000,  12.00000,
,,,00.003106000000,  12.00000,
,,,00.003108000000,  12.00000,
,,,00.003110000000,   8.00000,
,,,00.003112000000,  10.00000,
,,,00.003114000000,  12.00000,
,,,00.003116000000,  10.00000,
,,,00.003118000000,  10.00000,
,,,00.003120000000,  10.00000,
,,,00.003122000000,  10.00000,
,,,00.003124000000,  10.00000,
,,,00.003126000000,  10.00000,
,,,00.003128000000,  14.00000,
,,,00.003130000000,  12.00000,
,,,00.003132000000,  12.00000,
,,,00.003134000000,  12.00000,
,,,00.003136000000,  12.00000,
,,,00.003138000000,  12.00000,
,,,00.003140000000,  12.00000,
,,,00.003142000000,  12.00000,
,,,00.003144000000,  12.00000,
,,,00.003146000000,  12.00000,
,,,00.003148000000,  12.00000,
,,,00.003150000000,  12.00000,
,,,00.003152000000,  14.00000,
,,,00.003154000000,  14.00000,
,,,00.003156000000,  12.00000,
,,,00.003158000000,  12.00000,
,,,00.003160000000,  14.00000,
,,,00.003162000000,  14.00000,
,,,00.003164000000,  14.00000,
,,,00.003166000000,  14.00000,
,,,00.003168000000,  12.00000,
,,,00.003170000000,  12.00000,
,,,00.003172000000,  12.00000,
,,,00.003174000000,  12.00000,
,,,00.003176000000,  12.00000,
,,,00.003178000000,  12.00000,
,,,00.003180000000,  12.00000,
,,,00.003182000000,  12.00000,
,,,00.003184000000,  12.00000,
,,,00.003186000000,  12.00000,
,,,00.003188000000,  12.00000,
,,,00.003190000000,  14.00000,
,,,00.003192000000,  14.00000,
,,,00.003194000000,  12.00000,
,,,00.003196000000,  12.00000,
,,,00.003198000000,  12.00000,
,,,00.003200000000,  12.00000,
,,,00.003202000000,  12.00000,
,,,00.003204000000,  14.00000,
,,,00.003206000000,  14.00000,
,,,00.003208000000,  12.00000,
,,,00.003210000000,  12.00000,
,,,00.003212000000,  14.00000,
,,,00.003214000000,  14.00000,
,,,00.003216000000,  14.00000,
,,,00.003218000000,  12.00000,
,,,00.003220000000,  12.00000,
,,,00.003222000000,  12.00000,
,,,00.003224000000,  14.00000,
,,,00.003226000000,  14.00000,
,,,00.003228000000,  12.00000,
,,,00.003230000000,  14.00000,
,,,00.003232000000,  12.00000,
,,,00.003234000000,  12.00000,
,,,00.003236000000,  12.00000,
,,,00.003238000000,  12.00000,
,,,00.003240000000,  12.00000,
,,,00.003242000000,  14.00000,
,,,00.003244000000,  12.00000,
,,,00.003246000000,  14.00000,
,,,00.003248000000,  14.00000,
,,,00.003250000000,  14.00000,
,,,00.003252000000,  14.00000,
,,,00.003254000000,  14.00000,
,,,00.003256000000,  14.00000,
,,,00.003258000000,  12.00000,
,,,00.003260000000,  14.00000,
,,,00.003262000000,  12.00000,
,,,00.003264000000,  12.00000,
,,,00.003266000000,  14.00000,
,,,00.003268000000,  14.00000,
,,,00.003270000000,  12.00000,
,,,00.003272000000,  14.00000,
,,,00.003274000000,  12.00000,
,,,00.003276000000,  12.00000,
,,,00.003278000000,  14.00000,
,,,00.003280000000,  14.00000,
,,,00.003282000000,  12.00000,
,,,00.003284000000,  14.00000,
,,,00.003286000000,  14.00000,
,,,00.003288000000,  14.00000,
,,,00.003290000000,  14.00000,
,,,00.003292000000,  14.00000,
,,,00.003294000000,  14.00000,
,,,00.003296000000,  12.00000,
,,,00.003298000000,  12.00000,
,,,00.003300000000,  14.00000,
,,,00.003302000000,  14.00000,
,,,00.003304000000,  14.00000,
,,,00.003306000000,  12.00000,
,,,00.003308000000,  14.00000,
,,,00.003310000000,  14.00000,
,,,00.003312000000,  14.00000,
,,,00.003314000000,  14.00000,
,,,00.003316000000,  14.00000,
,,,00.003318000000,  12.00000,
,,,00.003320000000,  14.00000,
,,,00.003322000000,  14.00000,
,,,00.003324000000,  14.00000,
,,,00.003326000000,  14.00000,
,,,00.003328000000,  14.00000,
,,,00.003330000000,  14.00000,
,,,00.003332000000,  14.00000,
,,,00.003334000000,  14.00000,
,,,00.003336000000,  12.00000,
,,,00.003338000000,  14.00000,
,,,00.003340000000,  14.00000,
,,,00.003342000000,  14.00000,
,,,00.003344000000,  14.00000,
,,,00.003346000000,  14.00000,
,,,00.003348000000,  14.00000,
,,,00.003350000000,  12.00000,
,,,00.003352000000,  14.00000,
,,,00.003354000000,  14.00000,
,,,00.003356000000,  14.00000,
,,,00.003358000000,  14.00000,
,,,00.003360000000,  14.00000,
,,,00.003362000000,  14.00000,
,,,00.003364000000,  14.00000,
,,,00.003366000000,  14.00000,
,,,00.003368000000,  14.00000,
,,,00.003370000000,  14.00000,
,,,00.003372000000,  14.00000,
,,,00.003374000000,  12.00000,
,,,00.003376000000,  14.00000,
,,,00.003378000000,  14.00000,
,,,00.003380000000,  14.00000,
,,,00.003382000000,  14.00000,
,,,00.003384000000,  14.00000,
,,,00.003386000000,  14.00000,
,,,00.003388000000,  14.00000,
,,,00.003390000000,  12.00000,
,,,00.003392000000,  14.00000,
,,,00.003394000000,  14.00000,
,,,00.003396000000,  14.00000,
,,,00.003398000000,  14.00000,
,,,00.003400000000,  12.00000,
,,,00.003402000000,  14.00000,
,,,00.003404000000,  14.00000,
,,,00.003406000000,  14.00000,
,,,00.003408000000,  14.00000,
,,,00.003410000000,  14.00000,
,,,00.003412000000,  14.00000,
,,,00.003414000000,  14.00000,
,,,00.003416000000,  14.00000,
,,,00.003418000000,  14.00000,
,,,00.003420000000,  14.00000,
,,,00.003422000000,  14.00000,
,,,00.003424000000,  14.00000,
,,,00.003426000000,  14.00000,
,,,00.003428000000,  14.00000,
,,,00.003430000000,  14.00000,
,,,00.003432000000,  14.00000,
,,,00.003434000000,  14.00000,
,,,00.003436000000,  14.00000,
,,,00.003438000000,  14.00000,
,,,00.003440000000,  14.00000,
,,,00.003442000000,  14.00000,
,,,00.003444000000,  14.00000,
,,,00.003446000000,  12.00000,
,,,00.003448000000,  12.00000,
,,,00.003450000000,  14.00000,
,,,00.003452000000,  12.00000,
,,,00.003454000000,  14.00000,
,,,00.003456000000,  12.00000,
,,,00.003458000000,  14.00000,
,,,00.003460000000,  14.00000,
,,,00.003462000000,  14.00000,
,,,00.003464000000,  16.00000,
,,,00.003466000000,  14.00000,
,,,00.003468000000,  16.00000,
,,,00.003470000000,  14.00000,
,,,00.003472000000,  16.00000,
,,,00.003474000000,  14.00000,
,,,00.003476000000,  14.00000,
,,,00.003478000000,  14.00000,
,,,00.003480000000,  14.00000,
,,,00.003482000000,  14.00000,
,,,00.003484000000,  14.00000,
,,,00.003486000000,  14.00000,
,,,00.003488000000,  14.00000,
,,,00.003490000000,  16.00000,
,,,00.003492000000,  14.00000,
,,,00.003494000000,  16.00000,
,,,00.003496000000,  14.00000,
,,,00.003498000000,  16.00000,
,,,00.003500000000,  14.00000,
,,,00.003502000000,  14.00000,
,,,00.003504000000,  14.00000,
,,,00.003506000000,  14.00000,
,,,00.003508000000,  14.00000,
,,,00.003510000000,  14.00000,
,,,00.003512000000,  14.00000,
,,,00.003514000000,  14.00000,
,,,00.003516000000,  14.00000,
,,,00.003518000000,  14.00000,
,,,00.003520000000,  14.00000,
,,,00.003522000000,  14.00000,
,,,00.003524000000,  14.00000,
,,,00.003526000000,  14.00000,
,,,00.003528000000,  14.00000,
,,,00.003530000000,  16.00000,
,,,00.003532000000,  14.00000,
,,,00.003534000000,  14.00000,
,,,00.003536000000,  14.00000,
,,,00.003538000000,  14.00000,
,,,00.003540000000,  14.00000,
,,,00.003542000000,  14.00000,
,,,00.003544000000,  14.00000,
,,,00.003546000000,  14.00000,
,,,00.003548000000,  14.00000,
,,,00.003550000000,  14.00000,
,,,00.003552000000,  14.00000,
,,,00.003554000000,  14.00000,
,,,00.003556000000,  14.00000,
,,,00.003558000000,  14.00000,
,,,00.003560000000,  16.00000,
,,,00.003562000000,  14.00000,
,,,00.003564000000,  16.00000,
,,,00.003566000000,  14.00000,
,,,00.003568000000,  16.00000,
,,,00.003570000000,  14.00000,
,,,00.003572000000,  14.00000,
,,,00.003574000000,  14.00000,
,,,00.003576000000,  14.00000,
,,,00.003578000000,  14.00000,
,,,00.003580000000,  16.00000,
,,,00.003582000000,  14.00000,
,,,00.003584000000,  16.00000,
,,,00.003586000000,  14.00000,
,,,00.003588000000,  14.00000,
,,,00.003590000000,  14.00000,
,,,00.003592000000,  14.00000,
,,,00.003594000000,  14.00000,
,,,00.003596000000,  14.00000,
,,,00.003598000000,  14.00000,
,,,00.003600000000,  14.00000,
,,,00.003602000000,  16.00000,
,,,00.003604000000,  14.00000,
,,,00.003606000000,  14.00000,
,,,00.003608000000,  14.00000,
,,,00.003610000000,  16.00000,
,,,00.003612000000,  16.00000,
,,,00.003614000000,  16.00000,
,,,00.003616000000,  14.00000,
,,,00.003618000000,  14.00000,
,,,00.003620000000,  14.00000,
,,,00.003622000000,  14.00000,
,,,00.003624000000,  14.00000,
,,,00.003626000000,  14.00000,
,,,00.003628000000,  14.00000,
,,,00.003630000000,  14.00000,
,,,00.003632000000,  14.00000,
,,,00.003634000000,  16.00000,
,,,00.003636000000,  14.00000,
,,,00.003638000000,  14.00000,
,,,00.003640000000,  16.00000,
,,,00.003642000000,  16.00000,
,,,00.003644000000,  16.00000,
,,,00.003646000000,  14.00000,
,,,00.003648000000,  16.00000,
,,,00.003650000000,  14.00000,
,,,00.003652000000,  14.00000,
,,,00.003654000000,  14.00000,
,,,00.003656000000,  14.00000,
,,,00.003658000000,  14.00000,
,,,00.003660000000,  14.00000,
,,,00.003662000000,  16.00000,
,,,00.003664000000,  14.00000,
,,,00.003666000000,  14.00000,
,,,00.003668000000,  16.00000,
,,,00.003670000000,  14.00000,
,,,00.003672000000,  16.00000,
,,,00.003674000000,  14.00000,
,,,00.003676000000,  16.00000,
,,,00.003678000000,  14.00000,
,,,00.003680000000,  14.00000,
,,,00.003682000000,  14.00000,
,,,00.003684000000,  14.00000,
,,,00.003686000000,  14.00000,
,,,00.003688000000,  14.00000,
,,,00.003690000000,  14.00000,
,,,00.003692000000,  16.00000,
,,,00.003694000000,  16.00000,
,,,00.003696000000,  16.00000,
,,,00.003698000000,  16.00000,
,,,00.003700000000,  14.00000,
,,,00.003702000000,  16.00000,
,,,00.003704000000,  14.00000,
,,,00.003706000000,  16.00000,
,,,00.003708000000,  16.00000,
,,,00.003710000000,  14.00000,
,,,00.003712000000,  16.00000,
,,,00.003714000000,  14.00000,
,,,00.003716000000,  16.00000,
,,,00.003718000000,  16.00000,
,,,00.003720000000,  16.00000,
,,,00.003722000000,  14.00000,
,,,00.003724000000,  14.00000,
,,,00.003726000000,  14.00000,
,,,00.003728000000,  16.00000,
,,,00.003730000000,  14.00000,
,,,00.003732000000,  14.00000,
,,,00.003734000000,  16.00000,
,,,00.003736000000,  14.00000,
,,,00.003738000000,  14.00000,
,,,00.003740000000,  14.00000,
,,,00.003742000000,  14.00000,
,,,00.003744000000,  16.00000,
,,,00.003746000000,  14.00000,
,,,00.003748000000,  16.00000,
,,,00.003750000000,  14.00000,
,,,00.003752000000,  14.00000,
,,,00.003754000000,  16.00000,
,,,00.003756000000,  14.00000,
,,,00.003758000000,  14.00000,
,,,00.003760000000,  16.00000,
,,,00.003762000000,  14.00000,
,,,00.003764000000,  14.00000,
,,,00.003766000000,  16.00000,
,,,00.003768000000,  16.00000,
,,,00.003770000000,  16.00000,
,,,00.003772000000,  16.00000,
,,,00.003774000000,  14.00000,
,,,00.003776000000,  16.00000,
,,,00.003778000000,  16.00000,
,,,00.003780000000,  14.00000,
,,,00.003782000000,  14.00000,
,,,00.003784000000,  16.00000,
,,,00.003786000000,  16.00000,
,,,00.003788000000,  14.00000,
,,,00.003790000000,  14.00000,
,,,00.003792000000,  14.00000,
,,,00.003794000000,  16.00000,
,,,00.003796000000,  14.00000,
,,,00.003798000000,  16.00000,
,,,00.003800000000,  16.00000,
,,,00.003802000000,  16.00000,
,,,00.003804000000,  16.00000,
,,,00.003806000000,  16.00000,
,,,00.003808000000,  16.00000,
,,,00.003810000000,  14.00000,
,,,00.003812000000,  16.00000,
,,,00.003814000000,  16.00000,
,,,00.003816000000,  16.00000,
,,,00.003818000000,  16.00000,
,,,00.003820000000,  16.00000,
,,,00.003822000000,  16.00000,
,,,00.003824000000,  16.00000,
,,,00.003826000000,  16.00000,
,,,00.003828000000,  16.00000,
,,,00.003830000000,  16.00000,
,,,00.003832000000,  16.00000,
,,,00.003834000000,  14.00000,
,,,00.003836000000,  16.00000,
,,,00.003838000000,  16.00000,
,,,00.003840000000,  16.00000,
,,,00.003842000000,  16.00000,
,,,00.003844000000,  16.00000,
,,,00.003846000000,  14.00000,
,,,00.003848000000,  16.00000,
,,,00.003850000000,  16.00000,
,,,00.003852000000,  14.00000,
,,,00.003854000000,  16.00000,
,,,00.003856000000,  16.00000,
,,,00.003858000000,  16.00000,
,,,00.003860000000,  16.00000,
,,,00.003862000000,  16.00000,
,,,00.003864000000,  16.00000,
,,,00.003866000000,  16.00000,
,,,00.003868000000,  16.00000,
,,,00.003870000000,  16.00000,
,,,00.003872000000,  16.00000,
,,,00.003874000000,  16.00000,
,,,00.003876000000,  16.00000,
,,,00.003878000000,  16.00000,
,,,00.003880000000,  16.00000,
,,,00.003882000000,  16.00000,
,,,00.003884000000,  16.00000,
,,,00.003886000000,  16.00000,
,,,00.003888000000,  16.00000,
,,,00.003890000000,  16.00000,
,,,00.003892000000,  16.00000,
,,,00.003894000000,  16.00000,
,,,00.003896000000,  16.00000,
,,,00.003898000000,  16.00000,
,,,00.003900000000,  16.00000,
,,,00.003902000000,  16.00000,
,,,00.003904000000,  16.00000,
,,,00.003906000000,  16.00000,
,,,00.003908000000,  16.00000,
,,,00.003910000000,  16.00000,
,,,00.003912000000,  16.00000,
,,,00.003914000000,  16.00000,
,,,00.003916000000,  14.00000,
,,,00.003918000000,  16.00000,
,,,00.003920000000,  14.00000,
,,,00.003922000000,  16.00000,
,,,00.003924000000,  16.00000,
,,,00.003926000000,  16.00000,
,,,00.003928000000,  16.00000,
,,,00.003930000000,  16.00000,
,,,00.003932000000,  16.00000,
,,,00.003934000000,  16.00000,
,,,00.003936000000,  16.00000,
,,,00.003938000000,  16.00000,
,,,00.003940000000,  16.00000,
,,,00.003942000000,  16.00000,
,,,00.003944000000,  16.00000,
,,,00.003946000000,  16.00000,
,,,00.003948000000,  16.00000,
,,,00.003950000000,  16.00000,
,,,00.003952000000,  16.00000,
,,,00.003954000000,  16.00000,
,,,00.003956000000,  16.00000,
,,,00.003958000000,  16.00000,
,,,00.003960000000,  16.00000,
,,,00.003962000000,  16.00000,
,,,00.003964000000,  16.00000,
,,,00.003966000000,  16.00000,
,,,00.003968000000,  16.00000,
,,,00.003970000000,  16.00000,
,,,00.003972000000,  16.00000,
,,,00.003974000000,  16.00000,
,,,00.003976000000,  16.00000,
,,,00.003978000000,  16.00000,
,,,00.003980000000,  16.00000,
,,,00.003982000000,  16.00000,
,,,00.003984000000,  14.00000,
,,,00.003986000000,  16.00000,
,,,00.003988000000,  16.00000,
,,,00.003990000000,  16.00000,
,,,00.003992000000,  16.00000,
,,,00.003994000000,  16.00000,
,,,00.003996000000,  16.00000,
,,,00.003998000000,  16.00000,
,,,00.004000000000,  16.00000,
,,,00.004002000000,  16.00000,
,,,00.004004000000,  16.00000,
,,,00.004006000000,  16.00000,
,,,00.004008000000,  16.00000,
,,,00.004010000000,  16.00000,
,,,00.004012000000,  16.00000,
,,,00.004014000000,  16.00000,
,,,00.004016000000,  16.00000,
,,,00.004018000000,  16.00000,
,,,00.004020000000,  16.00000,
,,,00.004022000000,  16.00000,
,,,00.004024000000,  16.00000,
,,,00.004026000000,  16.00000,
,,,00.004028000000,  16.00000,
,,,00.004030000000,  16.00000,
,,,00.004032000000,  16.00000,
,,,00.004034000000,  16.00000,
,,,00.004036000000,  16.00000,
,,,00.004038000000,  16.00000,
,,,00.004040000000,  16.00000,
,,,00.004042000000,  14.00000,
,,,00.004044000000,  16.00000,
,,,00.004046000000,  16.00000,
,,,00.004048000000,  16.00000,
,,,00.004050000000,  16.00000,
,,,00.004052000000,  16.00000,
,,,00.004054000000,  16.00000,
,,,00.004056000000,  16.00000,
,,,00.004058000000,  16.00000,
,,,00.004060000000,  16.00000,
,,,00.004062000000,  16.00000,
,,,00.004064000000,  16.00000,
,,,00.004066000000,  16.00000,
,,,00.004068000000,  16.00000,
,,,00.004070000000,  16.00000,
,,,00.004072000000,  16.00000,
,,,00.004074000000,  16.00000,
,,,00.004076000000,  16.00000,
,,,00.004078000000,  16.00000,
,,,00.004080000000,  16.00000,
,,,00.004082000000,  16.00000,
,,,00.004084000000,  14.00000,
,,,00.004086000000,  16.00000,
,,,00.004088000000,  16.00000,
,,,00.004090000000,  16.00000,
,,,00.004092000000,  16.00000,
,,,00.004094000000,  16.00000,
,,,00.004096000000,  16.00000,
,,,00.004098000000,  16.00000,
